source_file	source_start_line	source_end_line	source_heading	source_sha256	target_file	target_section	target_anchor	treatment
0010-introduction.Rmd	8	33	前言 {#intro .unnumbered}	2bd6626b370bb0882b36a906e22bab8d9825a801d967699a9ff38110d7c0f2c0	manuscript/01-learning-and-study-design.md	1.1	src-0010-introduction-8	正文迁移；标题层级、图片路径及展示语法规范化
0020-introduction_of_NGS.Rmd	1	2	高通量测序技术基础{#basic_knowledge}	7732e6d34cf6f703de7bfc101d0c3371fd70a92adce29bac801d71a9d2a2b92d	manuscript/03-sequencing-and-data-formats.md	3.2	src-0020-introduction-of-NGS-1	正文迁移；标题层级、图片路径及展示语法规范化
0020-introduction_of_NGS.Rmd	3	7	Illumina 测序技术原理	db6ca76df2d55c6460e22f45f7516189fa8b476f2527f482123f8bf6a81a398c	manuscript/03-sequencing-and-data-formats.md	3.2	src-0020-introduction-of-NGS-3	正文迁移；标题层级、图片路径及展示语法规范化
0020-introduction_of_NGS.Rmd	8	23	一些常用基本概念的介绍	378cff9a49916ea32c29b1bd62eb012ba73a670bb4dd86a6b2ae924a059260a9	manuscript/03-sequencing-and-data-formats.md	3.2	src-0020-introduction-of-NGS-8	正文迁移；标题层级、图片路径及展示语法规范化
0020-introduction_of_NGS.Rmd	24	35	建库	3b961fcc09fb02bbb9ba8042c5c815ce2e54271cf218b03d5e33a42bb418e0ec	manuscript/03-sequencing-and-data-formats.md	3.2	src-0020-introduction-of-NGS-24	正文迁移；标题层级、图片路径及展示语法规范化
0020-introduction_of_NGS.Rmd	36	54	桥式PCR	fc2fce6c45578f0b4138cdeb3fc78f731fcf6194286103010c3280b5727ef930	manuscript/03-sequencing-and-data-formats.md	3.2	src-0020-introduction-of-NGS-36	正文迁移；标题层级、图片路径及展示语法规范化
0020-introduction_of_NGS.Rmd	55	77	测序	3edd63b65eaa5e2d1fa452ccb16d4f897e685d536ef08485cc9460c033e0073c	manuscript/03-sequencing-and-data-formats.md	3.2	src-0020-introduction-of-NGS-55	正文迁移；标题层级、图片路径及展示语法规范化
0020-introduction_of_NGS.Rmd	78	80	PacBio	5a7d475c31294c1a44742104a142373e91b517996c8b205be8f6839c2380f785	manuscript/03-sequencing-and-data-formats.md	3.3	src-0020-introduction-of-NGS-78	正文迁移；标题层级、图片路径及展示语法规范化
0020-introduction_of_NGS.Rmd	81	83	Nanopore	978523645062d83ebb4abc44d6e0321d08e2d96db57ef95c22d0190806053b35	manuscript/03-sequencing-and-data-formats.md	3.3	src-0020-introduction-of-NGS-81	正文迁移；标题层级、图片路径及展示语法规范化
0020-introduction_of_NGS.Rmd	84	89	华大智造测序仪	d3f330dcec02f91c443efa9a8eb5f1a5bc3564d06241eea6459ec54ebf27789c	manuscript/03-sequencing-and-data-formats.md	3.2	src-0020-introduction-of-NGS-84	正文迁移；标题层级、图片路径及展示语法规范化
0040-mapping_and_BAM_operation.Rmd	8	9	测序数据的比对及文件操作 {#mapping_and_BAM}	1e1bc1097bc5de5eb108eee9819d8f2254fbfd54dd441caab8ace09a8e71fd7b	manuscript/04-quality-control-and-alignment.md	4.4	src-0040-mapping-and-BAM-operation-8	正文迁移；标题层级、图片路径及展示语法规范化
0040-mapping_and_BAM_operation.Rmd	10	11	常用比对方法概述	793ecbe7a8484ea361f3bd2f2c8bf11bf6fcc70e5b7533650fbae11872d4513a	manuscript/04-quality-control-and-alignment.md	4.4	src-0040-mapping-and-BAM-operation-10	正文迁移；标题层级、图片路径及展示语法规范化
0040-mapping_and_BAM_operation.Rmd	12	23	从双序列比对说起	4ab814549a2459371268376b910809acfdf53b90403d83eedde33016755aa5ab	manuscript/04-quality-control-and-alignment.md	4.4	src-0040-mapping-and-BAM-operation-12	正文迁移；标题层级、图片路径及展示语法规范化
0040-mapping_and_BAM_operation.Rmd	24	30	使用BLAST对单条序列进行搜索	765babfff220a3cc8f225e9d2d02784b54129a73acc2b9e81e4e45c4ff3b687a	manuscript/04-quality-control-and-alignment.md	4.4	src-0040-mapping-and-BAM-operation-24	正文迁移；标题层级、图片路径及展示语法规范化
0040-mapping_and_BAM_operation.Rmd	31	35	高通量测序数据的比对算法简介	ec7ccd8add8c01613df185efd1c524b7f19c0f98b0c0963ea947b04a1c93d4e0	manuscript/04-quality-control-and-alignment.md	4.4	src-0040-mapping-and-BAM-operation-31	正文迁移；标题层级、图片路径及展示语法规范化
0040-mapping_and_BAM_operation.Rmd	36	45	基于哈希表（hash-table）数据结构的比对算法	20d959c0399588944a6162553b656cbc68a4b654d59c69cba9830646b5142200	manuscript/04-quality-control-and-alignment.md	4.4	src-0040-mapping-and-BAM-operation-36	正文迁移；标题层级、图片路径及展示语法规范化
0040-mapping_and_BAM_operation.Rmd	46	58	哈希表的构建	d5c6ec66a395981509fb916b26df4929255c7e33d33515e9653c10ed8de8d8c0	manuscript/04-quality-control-and-alignment.md	4.4	src-0040-mapping-and-BAM-operation-46	正文迁移；标题层级、图片路径及展示语法规范化
0040-mapping_and_BAM_operation.Rmd	59	65	连续种子序列策略	f1c8388e80488e5145b13c6f51bc4f6adaecf8e47de39bf4bd2651d2c61f1f81	manuscript/04-quality-control-and-alignment.md	4.4	src-0040-mapping-and-BAM-operation-59	正文迁移；标题层级、图片路径及展示语法规范化
0040-mapping_and_BAM_operation.Rmd	66	68	间隔种子序列策略	047bd47e251ee4f9fd7e75eba62f7771602442e832d513d8f6d24048ae47bd83	manuscript/04-quality-control-and-alignment.md	4.4	src-0040-mapping-and-BAM-operation-66	正文迁移；标题层级、图片路径及展示语法规范化
0040-mapping_and_BAM_operation.Rmd	69	97	BWT算法介绍	01f70c42783eac074fe21d0519684ca33166b6876b40509931dd564b6c82acc1	manuscript/04-quality-control-and-alignment.md	4.4	src-0040-mapping-and-BAM-operation-69	正文迁移；标题层级、图片路径及展示语法规范化
0040-mapping_and_BAM_operation.Rmd	98	107	常用的高通量比对软件	5850859528a1238df6c415053e8120400cb0745f057f4232f0788011d44165c6	manuscript/04-quality-control-and-alignment.md	4.5	src-0040-mapping-and-BAM-operation-98	正文迁移；标题层级、图片路径及展示语法规范化
0040-mapping_and_BAM_operation.Rmd	108	110	以Bowtie2为例进行实操讲解	05ec4531eb0e83cf67d52ff975e52d6a0b7635522ac3b76717ac7663c0b34163	manuscript/04-quality-control-and-alignment.md	4.5	src-0040-mapping-and-BAM-operation-108	正文迁移；标题层级、图片路径及展示语法规范化
0040-mapping_and_BAM_operation.Rmd	111	187	bowtie2的安装	8204fac9b9ecfbe1e8409ecf5fbba7286c77f90621d1c055efe3c8175844a0e9	manuscript/04-quality-control-and-alignment.md	4.5	src-0040-mapping-and-BAM-operation-111	正文迁移；标题层级、图片路径及展示语法规范化
0040-mapping_and_BAM_operation.Rmd	188	255	bowtie2的使用	b11fe0958696ff3a004e23f22d8248b59eca0551d2bcf4f5e386fe7e46110d49	manuscript/04-quality-control-and-alignment.md	4.5	src-0040-mapping-and-BAM-operation-188	正文迁移；标题层级、图片路径及展示语法规范化
0040-mapping_and_BAM_operation.Rmd	256	275	对比结果检查	f31bd9a6ebfb41df6d4c7a4820a30a08352123514555f7c8c3e3d4a4f2b4a5e8	manuscript/04-quality-control-and-alignment.md	4.5	src-0040-mapping-and-BAM-operation-256	正文迁移；标题层级、图片路径及展示语法规范化
0040-mapping_and_BAM_operation.Rmd	276	277	SAM文件与BAM文件操作基础	7b49d1f873f7d3140433d9634c57d36e4b37a35c575eb63d30984d76f9436491	manuscript/04-quality-control-and-alignment.md	4.6	src-0040-mapping-and-BAM-operation-276	正文迁移；标题层级、图片路径及展示语法规范化
0040-mapping_and_BAM_operation.Rmd	278	329	SAM文件与BAM文件的介绍 	c27257c360df39b5f7d0817415c63e081888ae86fa804e4740e322d0f70512f1	manuscript/04-quality-control-and-alignment.md	4.6	src-0040-mapping-and-BAM-operation-278	正文迁移；标题层级、图片路径及展示语法规范化
0040-mapping_and_BAM_operation.Rmd	330	363	BAM文件的生成	c04cfdce872ad5635a692e77844f2546a75425be9329eaf9baf29a80f4914bbd	manuscript/04-quality-control-and-alignment.md	4.6	src-0040-mapping-and-BAM-operation-330	正文迁移；标题层级、图片路径及展示语法规范化
0040-mapping_and_BAM_operation.Rmd	364	395	BAM文件的排序	007faccafe3ec0f0753836433681b354e2702319c6f7a9e531dfea4f8dacc37e	manuscript/04-quality-control-and-alignment.md	4.6	src-0040-mapping-and-BAM-operation-364	正文迁移；标题层级、图片路径及展示语法规范化
0040-mapping_and_BAM_operation.Rmd	396	405	BAM文件的index的建立	4969486c13e342b250738dbd438b5ea2edce827cb8465bdd2465d4fdd944e12d	manuscript/04-quality-control-and-alignment.md	4.6	src-0040-mapping-and-BAM-operation-396	正文迁移；标题层级、图片路径及展示语法规范化
0040-mapping_and_BAM_operation.Rmd	406	420	对比对结果进行过滤	330e7b0596e8b5845cb2aa3e5590e3c740979a8ebf4691ca8f14f71224e43bdc	manuscript/04-quality-control-and-alignment.md	4.6	src-0040-mapping-and-BAM-operation-406	正文迁移；标题层级、图片路径及展示语法规范化
0040-mapping_and_BAM_operation.Rmd	421	432	对比对结果进行统计	76945abd9ae4881e314c53469a4768688555ccd390f4d3c148e2588beebd5369	manuscript/04-quality-control-and-alignment.md	4.6	src-0040-mapping-and-BAM-operation-421	正文迁移；标题层级、图片路径及展示语法规范化
0040-mapping_and_BAM_operation.Rmd	433	466	去除bam文件中的PCR扩增冗余	4a9b4a7bd2b967560145ead7f853e3a53693b8cefb538065b40e1f26c8424074	manuscript/04-quality-control-and-alignment.md	4.7	src-0040-mapping-and-BAM-operation-433	正文迁移；标题层级、图片路径及展示语法规范化
0040-mapping_and_BAM_operation.Rmd	467	509	IGV可视化查看比对结果	a8ef2da9f94595821b2fd8eaff084c21ef05e4aab805f19cc06a344c52b76d4f	manuscript/04-quality-control-and-alignment.md	4.8	src-0040-mapping-and-BAM-operation-467	正文迁移；标题层级、图片路径及展示语法规范化
0050-RNA_seq.Rmd	1	4	转录组数据分析 {#RNA_Seq}	e619c0bd531a7d375b3ecc3b39441d0ea71fdae36b141598e6a4a1a36e7824a8	manuscript/06-rna-seq.md	6.1	src-0050-RNA-seq-1	正文迁移；标题层级、图片路径及展示语法规范化
0050-RNA_seq.Rmd	5	14	什么是RNA-Seq？	46019c6fb8ee055dac0eb9879f885e4b0dff55ad1088fca14a37b027cfabfd7c	manuscript/06-rna-seq.md	6.1	src-0050-RNA-seq-5	正文迁移；标题层级、图片路径及展示语法规范化
0050-RNA_seq.Rmd	15	25	对mRNA测序	7f185093c19db63452612a2cfd8386a0db05d6050b57170cbae8af33a140e14a	manuscript/06-rna-seq.md	6.1	src-0050-RNA-seq-15	正文迁移；标题层级、图片路径及展示语法规范化
0050-RNA_seq.Rmd	26	38	长非编码RNA-seq	431430095d69444b0401ddd36c9f62f1b4bf7f045f538a4c967c0288f66bcf4b	manuscript/06-rna-seq.md	6.1	src-0050-RNA-seq-26	正文迁移；标题层级、图片路径及展示语法规范化
0050-RNA_seq.Rmd	39	48	small RNA-seq 	4837ffc92869abd0a61c12351ca8d74e1b8c9ea12ba383b6654ec5844ee03ecd	manuscript/06-rna-seq.md	6.1	src-0050-RNA-seq-39	正文迁移；标题层级、图片路径及展示语法规范化
0050-RNA_seq.Rmd	49	55	circRNA-seq	8a08e6ad2cb4219917e41d8f481720a5d368ad08595d1246cb683972b21472f1	manuscript/06-rna-seq.md	6.1	src-0050-RNA-seq-49	正文迁移；标题层级、图片路径及展示语法规范化
0050-RNA_seq.Rmd	56	80	单细胞RNA-seq	362e6efecb450102737ade8a23da078b479af584b9377181e16d3cb05fbbf282	manuscript/06-rna-seq.md	6.1	src-0050-RNA-seq-56	正文迁移；标题层级、图片路径及展示语法规范化
0050-RNA_seq.Rmd	81	84	其他转录组测序	5fdc24d421314ff4a6987fb0b8df32ca93deac5eb0f9570230b1ce5f78255182	manuscript/06-rna-seq.md	6.1	src-0050-RNA-seq-81	正文迁移；标题层级、图片路径及展示语法规范化
0050-RNA_seq.Rmd	85	90	全长转录组测序	964776e86fe2e1dc3343766d957248b958689feac14b333af04e46d567261b25	manuscript/03-sequencing-and-data-formats.md	3.3	src-0050-RNA-seq-85	正文迁移；标题层级、图片路径及展示语法规范化
0050-RNA_seq.Rmd	91	94	空间转录组测序（Spatial Transcritome sequencing）<sup>13</sup>	488e4bd1556745ebc8fbbbad959cbed022c9f08f7e593ba81326d0322eec680f	manuscript/06-rna-seq.md	6.1	src-0050-RNA-seq-91	正文迁移；标题层级、图片路径及展示语法规范化
0050-RNA_seq.Rmd	95	100	链特异RNA-Seq	82298c07a7e8a145e379c748590214b505fb3e7a49939210f40dc24f3cc2ef43	manuscript/06-rna-seq.md	6.1	src-0050-RNA-seq-95	正文迁移；标题层级、图片路径及展示语法规范化
0050-RNA_seq.Rmd	101	127	RNA-seq的分析	6a04fc844acd496cc17ba455ba0f90c1fe4aa0c5a51884e3443b9d7af2e94bc1	manuscript/06-rna-seq.md	6.2	src-0050-RNA-seq-101	正文迁移；标题层级、图片路径及展示语法规范化
0050-RNA_seq.Rmd	128	131	测序数据的质量控制	02a385a9e329dcc9e08c4e631cda7c389a176aa677e0e4d7c290a7e008c3c4e0	manuscript/04-quality-control-and-alignment.md	4.2	src-0050-RNA-seq-128	正文迁移；标题层级、图片路径及展示语法规范化
0050-RNA_seq.Rmd	132	153	碱基质量	c0abba67b60a2213918b84e18a6d6ec842e1acdaa59afd28beb584f708b71448	manuscript/03-sequencing-and-data-formats.md	3.4	src-0050-RNA-seq-132	正文迁移；标题层级、图片路径及展示语法规范化
0050-RNA_seq.Rmd	154	203	质量评估软件FastQC	565a5fbe4d16ad45f5757460eb1e48a12ce6c010bfa795d3e3e2a1e279c825b0	manuscript/04-quality-control-and-alignment.md	4.2	src-0050-RNA-seq-154	正文迁移；标题层级、图片路径及展示语法规范化
0050-RNA_seq.Rmd	204	209	用质量控制软件获取高质量测序片段	f48a0d93e198a880b516f85e14bcc01e9db99d5de89083ec7c7cf2ff8bffc152	manuscript/04-quality-control-and-alignment.md	4.3	src-0050-RNA-seq-204	正文迁移；标题层级、图片路径及展示语法规范化
0050-RNA_seq.Rmd	210	217	构建参考基因组索引	4ffcf95c7f8c3a496ef67451aa28472cde70bb2e50c712ace748d0469b8fcf19	manuscript/03-sequencing-and-data-formats.md	3.5	src-0050-RNA-seq-210	正文迁移；标题层级、图片路径及展示语法规范化
0050-RNA_seq.Rmd	218	240	GTF与GFF 文件	7de88492ccd02361fde4ed9b261f848f0181aa9729d90eefbf1402e758966f8a	manuscript/03-sequencing-and-data-formats.md	3.5	src-0050-RNA-seq-218	正文迁移；标题层级、图片路径及展示语法规范化
0050-RNA_seq.Rmd	241	246	构建参考基因组索引的软件	8b2fcbb115079d4babbfddf683a7275e45939daeb5cdcbf02dbeadfde359009b	manuscript/03-sequencing-and-data-formats.md	3.5	src-0050-RNA-seq-241	正文迁移；标题层级、图片路径及展示语法规范化
0050-RNA_seq.Rmd	247	252	序列比对	b21c392a4cdb458b526552c2f82878881fc1c4d02c8aea31205fd169038fa174	manuscript/06-rna-seq.md	6.3	src-0050-RNA-seq-247	正文迁移；标题层级、图片路径及展示语法规范化
0050-RNA_seq.Rmd	253	258	SAM文件与BAM文件	0e72a50560debc67f670c611a5a262825b61d5dc9d8e69feb86cd5ffa4b0d620	manuscript/06-rna-seq.md	6.3	src-0050-RNA-seq-253	正文迁移；标题层级、图片路径及展示语法规范化
0050-RNA_seq.Rmd	259	285	序列比对软件	7924975be76a4662b4a149e1d7d68ca012acf18fd4d4a440fdbda0691d41f5cd	manuscript/06-rna-seq.md	6.3	src-0050-RNA-seq-259	正文迁移；标题层级、图片路径及展示语法规范化
0050-RNA_seq.Rmd	286	299	转录本组装	2aa515d9028efd712603ddb33bc701084a6712d3064cbeeba854817c550bf774	manuscript/06-rna-seq.md	6.4	src-0050-RNA-seq-286	正文迁移；标题层级、图片路径及展示语法规范化
0050-RNA_seq.Rmd	300	303	表达定量	0a18216f84af8eba13d3908ebd8fc5a0552b52eeec12ba7e2784cbf8f33eb041	manuscript/06-rna-seq.md	6.5	src-0050-RNA-seq-300	正文迁移；标题层级、图片路径及展示语法规范化
0050-RNA_seq.Rmd	304	348	基因表达定量方式RPKM、FPKM、TPM	1e3ba32639326a87de22422ac597bad10a43a3e1a19d5c5d69b1a20cfe1099b0	manuscript/06-rna-seq.md	6.5	src-0050-RNA-seq-304	正文迁移；标题层级、图片路径及展示语法规范化
0050-RNA_seq.Rmd	349	359	表达定量软件	26ccac77449e5b74f89e6c8a6c7f4583facde242571a22f0797460e8daecb21b	manuscript/06-rna-seq.md	6.4	src-0050-RNA-seq-349	正文迁移；标题层级、图片路径及展示语法规范化
0050-RNA_seq.Rmd	360	375	表达差异分析	ae6cd96e01acac15833064b610cbf65c12775a245e0a220222cc1b4c2689a307	manuscript/06-rna-seq.md	6.6	src-0050-RNA-seq-360	正文迁移；标题层级、图片路径及展示语法规范化
0050-RNA_seq.Rmd	376	391	基因注释	cf1187624ed957ed2a4de3a1f25286feed1f2c18ebef71ac738780f5cf6f090c	manuscript/06-rna-seq.md	6.7	src-0050-RNA-seq-376	正文迁移；标题层级、图片路径及展示语法规范化
0050-RNA_seq.Rmd	392	395	RNA-seq分析实例	49299273d81819f9ea8735a2cfbc41f9375ba40626a226d85557b4ebe72d34d5	manuscript/06-rna-seq.md	6.2	src-0050-RNA-seq-392	正文迁移；标题层级、图片路径及展示语法规范化
0050-RNA_seq.Rmd	396	422	数据获取	d814f642fec186403bb09b8a90d2e8405295bb9798f68408a192297eeb7ebc20	manuscript/06-rna-seq.md	6.2	src-0050-RNA-seq-396	正文迁移；标题层级、图片路径及展示语法规范化
0050-RNA_seq.Rmd	423	454	质量控制	e8588b8465ad3261d9b4911dccaa2a08b3d17bc6e647229e16956a1eac7876e9	manuscript/06-rna-seq.md	6.3	src-0050-RNA-seq-423	正文迁移；标题层级、图片路径及展示语法规范化
0050-RNA_seq.Rmd	455	456	建立参考基因组索引	fcd18243bc1a4e07dd400838a15a18ac3005c586ca9f0c0644ab8c6194355208	manuscript/06-rna-seq.md	6.3	src-0050-RNA-seq-455	正文迁移；标题层级、图片路径及展示语法规范化
0050-RNA_seq.Rmd	457	504	HISAT2	881e0e3bec055ba6647cb7f8c76601d6a5f30d79b64cc7a34f2f8399ca3b1ee4	manuscript/06-rna-seq.md	6.3	src-0050-RNA-seq-457	正文迁移；标题层级、图片路径及展示语法规范化
0050-RNA_seq.Rmd	505	517	STAR	cde5be4686a3018f17ce68a8235a5728a8ed1d1fd989271f161b2b3bb5dbb03e	manuscript/06-rna-seq.md	6.3	src-0050-RNA-seq-505	正文迁移；标题层级、图片路径及展示语法规范化
0050-RNA_seq.Rmd	518	519	序列比对	b47bb94e46c0068ac2a3eaaa71dd842b13a4384a70be881e237d34ce16647ff3	manuscript/06-rna-seq.md	6.3	src-0050-RNA-seq-518	正文迁移；标题层级、图片路径及展示语法规范化
0050-RNA_seq.Rmd	520	537	Tophat	428ff1ed0035fad5a86e8283a7259842985276fa652c64829a6b1dbe830e89bf	manuscript/06-rna-seq.md	6.3	src-0050-RNA-seq-520	正文迁移；标题层级、图片路径及展示语法规范化
0050-RNA_seq.Rmd	538	573	HISAT2	4e19f9188ff268d03c419d0bcde73ba04592c06d641baefdf1b817b96e5ec3bc	manuscript/06-rna-seq.md	6.3	src-0050-RNA-seq-538	正文迁移；标题层级、图片路径及展示语法规范化
0050-RNA_seq.Rmd	574	600	STAR	c06735cb6b5deefa726e87acc39817d3da2ccc629e9b434851e1729d1f53fafe	manuscript/06-rna-seq.md	6.3	src-0050-RNA-seq-574	正文迁移；标题层级、图片路径及展示语法规范化
0050-RNA_seq.Rmd	601	624	samtools操作SAM/BAM文件	168167376393eeb91470d922cbb8e3fc125f5ea55349e83675892ff3768e35dc	manuscript/06-rna-seq.md	6.3	src-0050-RNA-seq-601	正文迁移；标题层级、图片路径及展示语法规范化
0050-RNA_seq.Rmd	625	626	转录组拼接 （需要增加解释）	f1d19dc6be03a2292e19e494116b3377f1e959c935e50bf51a8381395ad13c59	manuscript/06-rna-seq.md	6.4	src-0050-RNA-seq-625	正文迁移；标题层级、图片路径及展示语法规范化
0050-RNA_seq.Rmd	627	646	Cufflinks	e1b5fe85457bed4a3254595ecb2b5bf68811a8aec68e56e603a5d30983c740e0	manuscript/06-rna-seq.md	6.4	src-0050-RNA-seq-627	正文迁移；标题层级、图片路径及展示语法规范化
0050-RNA_seq.Rmd	647	691	StringTie	e99138f63e320e0324f31f6a4e63cc8b01e3069efb894a3bfab7955e567e410e	manuscript/06-rna-seq.md	6.4	src-0050-RNA-seq-647	正文迁移；标题层级、图片路径及展示语法规范化
0050-RNA_seq.Rmd	692	693	表达定量	1eb0a402326d454d7431acc1818cbd496ccbdca31913f84e30941674a5a2b513	manuscript/06-rna-seq.md	6.4	src-0050-RNA-seq-692	正文迁移；标题层级、图片路径及展示语法规范化
0050-RNA_seq.Rmd	694	709	HTSeq	388ae4ca1b1facc0e5323deeb39c06731553734d869a988a93c931463928decd	manuscript/06-rna-seq.md	6.4	src-0050-RNA-seq-694	正文迁移；标题层级、图片路径及展示语法规范化
0050-RNA_seq.Rmd	710	751	featureCount	2dd03b1751cac59b503be6bc139c1ea1a0e56c35d138f41d5ca711d9c861f8ac	manuscript/06-rna-seq.md	6.4	src-0050-RNA-seq-710	正文迁移；标题层级、图片路径及展示语法规范化
0050-RNA_seq.Rmd	752	767	cuffquant	448698239e910abbcd22f3242ddc283853208da15b4aba6b34b9354caccbcf2e	manuscript/06-rna-seq.md	6.4	src-0050-RNA-seq-752	正文迁移；标题层级、图片路径及展示语法规范化
0050-RNA_seq.Rmd	768	769	差异分析	b2126281abe4c819cecbcfbea626de39518163c849ef4a0a358df848b1a4e3e8	manuscript/06-rna-seq.md	6.6	src-0050-RNA-seq-768	正文迁移；标题层级、图片路径及展示语法规范化
0050-RNA_seq.Rmd	770	792	Cuffdiff	8f5cf1452d6fae6f75f4208093a2d2b3b6c1693dac1b62efcbb2f32e4bad1c44	manuscript/06-rna-seq.md	6.6	src-0050-RNA-seq-770	正文迁移；标题层级、图片路径及展示语法规范化
0050-RNA_seq.Rmd	793	839	DEseq	f7517780a018f360b64e445c74653674f153becee620143a59a600349784b473	manuscript/06-rna-seq.md	6.6	src-0050-RNA-seq-793	正文迁移；标题层级、图片路径及展示语法规范化
0050-RNA_seq.Rmd	840	929	edgeR	0ef6d951d60d100b75f4511f0afe03adc826d9e8dce6396251ff0916ea82e602	manuscript/06-rna-seq.md	6.6	src-0050-RNA-seq-840	正文迁移；标题层级、图片路径及展示语法规范化
0050-RNA_seq.Rmd	930	931	火山图与聚类图绘制	342901cc81f21e4ea6f04ec7819208e268ea7acff752eeb795c09ddd720101b2	manuscript/06-rna-seq.md	6.7	src-0050-RNA-seq-930	正文迁移；标题层级、图片路径及展示语法规范化
0050-RNA_seq.Rmd	932	978	火山图	d363d36a70ec0d032ea214195c3188f193e91c198d0f73dc1225c431a425976b	manuscript/06-rna-seq.md	6.7	src-0050-RNA-seq-932	正文迁移；标题层级、图片路径及展示语法规范化
0050-RNA_seq.Rmd	979	1017	聚类图	8589921761c5f01a7e897ac3de021c04cc7df37fd3833eb44843f40cbe649f8b	manuscript/06-rna-seq.md	6.7	src-0050-RNA-seq-979	正文迁移；标题层级、图片路径及展示语法规范化
0050-RNA_seq.Rmd	1018	1099	GO注释	ef2e77f2dad461b820ce27b7558f8f528ab18bb1a24df4a47f988f29b82c656f	manuscript/06-rna-seq.md	6.7	src-0050-RNA-seq-1018	正文迁移；标题层级、图片路径及展示语法规范化
0050-RNA_seq.Rmd	1100	1121	4. KEGG注释	f8251b7bc48b2812ea94a87391c1ef5b7551c68e872aec50b5dfd6259963f99c	manuscript/06-rna-seq.md	6.7	src-0050-RNA-seq-1100	正文迁移；标题层级、图片路径及展示语法规范化
0050-RNA_seq.Rmd	1122	1125	其他RNA测序的分析简述	70819a8aa7dec8929dd2fc44163c7b7cc561f3c853ee787e096e61a07ea18f5e	manuscript/06-rna-seq.md	6.8	src-0050-RNA-seq-1122	正文迁移；标题层级、图片路径及展示语法规范化
0050-RNA_seq.Rmd	1126	1147	长非编码RNA测序分析	54f1ae31cb94faa6d66a83a2fa0e88a0389f9226813062c87c8e5a8a066bb618	manuscript/06-rna-seq.md	6.8	src-0050-RNA-seq-1126	正文迁移；标题层级、图片路径及展示语法规范化
0050-RNA_seq.Rmd	1148	1162	small RNA-seq 	d67a33d35a278106a3d30b5c5d4b9ff12680b35c98d9c98ef255653e46720713	manuscript/06-rna-seq.md	6.8	src-0050-RNA-seq-1148	正文迁移；标题层级、图片路径及展示语法规范化
0050-RNA_seq.Rmd	1163	1170	circRNA测序分析	aa424d2c00b4b36320ff3f8f353b249a3a849047ced135e56f650c45aa940359	manuscript/06-rna-seq.md	6.8	src-0050-RNA-seq-1163	正文迁移；标题层级、图片路径及展示语法规范化
0050-RNA_seq.Rmd	1171	1181	ceRNA分析	1cee5778c47cbff25a10d5c07fae5d03df318c1503ba7c1db70544eb89af08a8	manuscript/06-rna-seq.md	6.8	src-0050-RNA-seq-1171	正文迁移；标题层级、图片路径及展示语法规范化
0050-RNA_seq.Rmd	1182	1186	单细胞RNA-seq	ee86858832404ca596b8aee1a982ae2d5743410e8ce5fb3df0647eb777ab6c6a	manuscript/06-rna-seq.md	6.8	src-0050-RNA-seq-1182	正文迁移；标题层级、图片路径及展示语法规范化
0060-ChIP_seq.Rmd	20	21	ChIP-Seq和ATAC-Seq数据分析 {#ChIP_seq}	b58fd14ef3777881ef06fa4eaa4ae0518b1c78f6c03a649edc243481ddfcfb54	manuscript/07-chip-seq-and-atac-seq.md	7.1	src-0060-ChIP-seq-20	正文迁移；标题层级、图片路径及展示语法规范化
0060-ChIP_seq.Rmd	22	25	ChIP-seq 简介	b1e1e7c660fe575fb966d08fb2debe0f8f0c06b28e6be731fa70e132a1f96d77	manuscript/07-chip-seq-and-atac-seq.md	7.1	src-0060-ChIP-seq-22	正文迁移；标题层级、图片路径及展示语法规范化
0060-ChIP_seq.Rmd	26	43	ChIP-seq 实验	175f994127bc7ab1a94c7b66745b528c17dd4294858101be7717ff423de4681c	manuscript/07-chip-seq-and-atac-seq.md	7.1	src-0060-ChIP-seq-26	正文迁移；标题层级、图片路径及展示语法规范化
0060-ChIP_seq.Rmd	44	45	ChIP-seq 技术革新	a628a5b73a6abb7f7a049c38b64722950514387824718b620c00719ef3d46535	manuscript/07-chip-seq-and-atac-seq.md	7.1	src-0060-ChIP-seq-44	正文迁移；标题层级、图片路径及展示语法规范化
0060-ChIP_seq.Rmd	46	51	CUT&RUN	dee8f85dee41c530d19d576293c820a96c96e9a8dd5a6c4325e9a5efd4d027f7	manuscript/07-chip-seq-and-atac-seq.md	7.1	src-0060-ChIP-seq-46	正文迁移；标题层级、图片路径及展示语法规范化
0060-ChIP_seq.Rmd	52	53	ChIP-seq 实验设计	520a50d807bce73828daf25a0180d559e5eea0f1f48b2ad6b56760ef4df3aaa6	manuscript/07-chip-seq-and-atac-seq.md	7.2	src-0060-ChIP-seq-52	正文迁移；标题层级、图片路径及展示语法规范化
0060-ChIP_seq.Rmd	54	57	ChIP-seq对照的设计	f18c4434420743af323644a88053ba19b29a310447f0520c1d36bcc626607c9a	manuscript/07-chip-seq-and-atac-seq.md	7.2	src-0060-ChIP-seq-54	正文迁移；标题层级、图片路径及展示语法规范化
0060-ChIP_seq.Rmd	58	65	`bias` 的来源	0567cb3902a78855f4dbb33679d08b3a67384b31fe797965c3f45261d9552dba	manuscript/07-chip-seq-and-atac-seq.md	7.2	src-0060-ChIP-seq-58	正文迁移；标题层级、图片路径及展示语法规范化
0060-ChIP_seq.Rmd	66	69	抗体质量	8adf8d449d1ddd18a80a79e593088945183676e3b4369f22a9b4e710c09209e2	manuscript/07-chip-seq-and-atac-seq.md	7.2	src-0060-ChIP-seq-66	正文迁移；标题层级、图片路径及展示语法规范化
0060-ChIP_seq.Rmd	70	73	测序深度	fe7039720fc27568d0d1f342a9bda110a38ddde85272e3e7c70a7265c94536d9	manuscript/07-chip-seq-and-atac-seq.md	7.2	src-0060-ChIP-seq-70	正文迁移；标题层级、图片路径及展示语法规范化
0060-ChIP_seq.Rmd	74	77	测序片段的长度与测序方式	e0dc88ddf2a2c6e4c3d8a272de9b93f0ee00f1261559574d89d1cf5a780ba598	manuscript/07-chip-seq-and-atac-seq.md	7.2	src-0060-ChIP-seq-74	正文迁移；标题层级、图片路径及展示语法规范化
0060-ChIP_seq.Rmd	78	81	样品重复的设置	bc68cc3a841c480bd8c029ac8e38e49a736f890aa500b8914c1eb4c904549074	manuscript/07-chip-seq-and-atac-seq.md	7.2	src-0060-ChIP-seq-78	正文迁移；标题层级、图片路径及展示语法规范化
0060-ChIP_seq.Rmd	82	99	ChIP-seq 数据分析流程	c11abed94312c9b9a0ab89f3751026cd0766f02091e3514f6b8e850960555b43	manuscript/07-chip-seq-and-atac-seq.md	7.3	src-0060-ChIP-seq-82	正文迁移；标题层级、图片路径及展示语法规范化
0060-ChIP_seq.Rmd	100	228	代码运行环境的准备	4e35ce69f0ec4da8d3f26b6a693e47a9e711f685317db4ff16143d5c7f23093d	manuscript/07-chip-seq-and-atac-seq.md	7.3	src-0060-ChIP-seq-100	正文迁移；标题层级、图片路径及展示语法规范化
0060-ChIP_seq.Rmd	229	310	数据的下载	f53e6c9bce525cd5a2bb536b63835a8b2e57b66ddc32bb03b32d30e683f64916	manuscript/07-chip-seq-and-atac-seq.md	7.2	src-0060-ChIP-seq-229	正文迁移；标题层级、图片路径及展示语法规范化
0060-ChIP_seq.Rmd	311	316	数据质控	2a592bcce642170d8a9b03995f91c20d864c20274db29c1094fb5ccd49de34ad	manuscript/07-chip-seq-and-atac-seq.md	7.3	src-0060-ChIP-seq-311	正文迁移；标题层级、图片路径及展示语法规范化
0060-ChIP_seq.Rmd	317	344	使用FastQC对测序进行评估	85efbae671344248b68a77b0e0bfb25b102eba234bfc234c2eb661749efbc3c7	manuscript/07-chip-seq-and-atac-seq.md	7.3	src-0060-ChIP-seq-317	正文迁移；标题层级、图片路径及展示语法规范化
0060-ChIP_seq.Rmd	345	350	根据报告对数据进行修剪和过滤	8100c55e6590805870679f3fdbf8bb0df494f2479da1965d53b762b2b8c8c764	manuscript/07-chip-seq-and-atac-seq.md	7.3	src-0060-ChIP-seq-345	正文迁移；标题层级、图片路径及展示语法规范化
0060-ChIP_seq.Rmd	351	355	接头的去除	418cc65aa6d4e1d1d64ecb0d08b4654adf517dcaaf8f411c854ad14b1e73e473	manuscript/07-chip-seq-and-atac-seq.md	7.3	src-0060-ChIP-seq-351	正文迁移；标题层级、图片路径及展示语法规范化
0060-ChIP_seq.Rmd	356	403	低质量的修剪	54339d88ae7a0995ca6c5847f862cc6491343e6d825dc53cd72dcacdf95a5214	manuscript/07-chip-seq-and-atac-seq.md	7.3	src-0060-ChIP-seq-356	正文迁移；标题层级、图片路径及展示语法规范化
0060-ChIP_seq.Rmd	404	408	序列比对	5b7342c2234b518ef1c5414221116e9f20c85896aff33f90a8ddbe66b3ea8683	manuscript/07-chip-seq-and-atac-seq.md	7.3	src-0060-ChIP-seq-404	正文迁移；标题层级、图片路径及展示语法规范化
0060-ChIP_seq.Rmd	409	416	比对概念	0ffecee0b0fb3b5a059cbd11c19c09262bce2031549d019332e2feb5040c1b84	manuscript/07-chip-seq-and-atac-seq.md	7.3	src-0060-ChIP-seq-409	正文迁移；标题层级、图片路径及展示语法规范化
0060-ChIP_seq.Rmd	417	422	常用工具	57a72b5a0e9b301b166a6bb15ceed33fd09c987f1d14adf60175878d4c77b450	manuscript/07-chip-seq-and-atac-seq.md	7.3	src-0060-ChIP-seq-417	正文迁移；标题层级、图片路径及展示语法规范化
0060-ChIP_seq.Rmd	423	455	参数和注意事项	b63cdb7c7f1677283376c86a893fa965988573d7cf0aa4129f0158420546ab5b	manuscript/07-chip-seq-and-atac-seq.md	7.3	src-0060-ChIP-seq-423	正文迁移；标题层级、图片路径及展示语法规范化
0060-ChIP_seq.Rmd	456	621	使用 Bowtie2 进行基因组比对	52d2aa369cd8c9d61ced1356350cf0fc7d6738ee3f2edd21096852ed9d8b0e3c	manuscript/07-chip-seq-and-atac-seq.md	7.3	src-0060-ChIP-seq-456	正文迁移；标题层级、图片路径及展示语法规范化
0060-ChIP_seq.Rmd	622	629	end-to-end 与 --local 的区别	8e456e9db2763223ad19e821e7635e6263a9350f76288bf6c971c1a2f6fcd239	manuscript/07-chip-seq-and-atac-seq.md	7.3	src-0060-ChIP-seq-622	正文迁移；标题层级、图片路径及展示语法规范化
0060-ChIP_seq.Rmd	630	633	寻找富集的区域	e0ab499ec49be769379b023e6a1cb41a63aa9059387244145aada07164341aa8	manuscript/07-chip-seq-and-atac-seq.md	7.4	src-0060-ChIP-seq-630	正文迁移；标题层级、图片路径及展示语法规范化
0060-ChIP_seq.Rmd	634	649	ChIP-seq 信号类型	6ba6618961c6f5af9563c0ce6119e0c3a64f5753038efe77a42054edb4e23d61	manuscript/07-chip-seq-and-atac-seq.md	7.4	src-0060-ChIP-seq-634	正文迁移；标题层级、图片路径及展示语法规范化
0060-ChIP_seq.Rmd	650	682	通常的 `Peak calling` 算法	265674e33a117d23c3c0d906289fab3a58e016128ebff6d8415cbc0d8ac13d28	manuscript/07-chip-seq-and-atac-seq.md	7.4	src-0060-ChIP-seq-650	正文迁移；标题层级、图片路径及展示语法规范化
0060-ChIP_seq.Rmd	683	686	reads 的富集	cd16ae7a0666558028c8135c10d325d28883cab6c9325eda88aabce45c2ef145	manuscript/07-chip-seq-and-atac-seq.md	7.4	src-0060-ChIP-seq-683	正文迁移；标题层级、图片路径及展示语法规范化
0060-ChIP_seq.Rmd	687	689	显著性	5ae791fbfe51bf845b0678e93cad41e3df144f56e4b2490b7251ffa9839689fe	manuscript/07-chip-seq-and-atac-seq.md	7.4	src-0060-ChIP-seq-687	正文迁移；标题层级、图片路径及展示语法规范化
0060-ChIP_seq.Rmd	690	692	多重检验校正	60646b982787ad1913baa0bf522b2bf2df87d8c91014d97570a604a8e2770ae4	manuscript/07-chip-seq-and-atac-seq.md	7.4	src-0060-ChIP-seq-690	正文迁移；标题层级、图片路径及展示语法规范化
0060-ChIP_seq.Rmd	693	696	阈值的选择	74753b13a362602929765692cfb6e763aa47bb36e3f0307e02c816b2862f2cda	manuscript/07-chip-seq-and-atac-seq.md	7.4	src-0060-ChIP-seq-693	正文迁移；标题层级、图片路径及展示语法规范化
0060-ChIP_seq.Rmd	697	700	现有工具和注意事项	0cc56beaae4221eed58dcdb513a11747f696c9c0313643bd64dd0eef0055ddab	manuscript/07-chip-seq-and-atac-seq.md	7.4	src-0060-ChIP-seq-697	正文迁移；标题层级、图片路径及展示语法规范化
0060-ChIP_seq.Rmd	701	704	单末端与双末端文库	b4392a242a75886eafdf99d00f6e2ccb24ee7cb745ad4cddad1ad3ab8527c1e8	manuscript/07-chip-seq-and-atac-seq.md	7.4	src-0060-ChIP-seq-701	正文迁移；标题层级、图片路径及展示语法规范化
0060-ChIP_seq.Rmd	705	708	测序深度和文库复杂度	ac42748de3b7d0fd5bda963f752a84c9cbc56b77d208b012391230c9fc126226	manuscript/07-chip-seq-and-atac-seq.md	7.4	src-0060-ChIP-seq-705	正文迁移；标题层级、图片路径及展示语法规范化
0060-ChIP_seq.Rmd	709	712	新一代的 Peak caller	68aa61e35ae1bfe26d6b4e03e39425d74307293e86b40439cb67cf7aca46fd0d	manuscript/07-chip-seq-and-atac-seq.md	7.4	src-0060-ChIP-seq-709	正文迁移；标题层级、图片路径及展示语法规范化
0060-ChIP_seq.Rmd	713	716	Postprocessing	a87a9dc9b792f47de1203218cfb8b6f6c90589ca6e57ec5b3fc1be7c3fbb422d	manuscript/07-chip-seq-and-atac-seq.md	7.4	src-0060-ChIP-seq-713	正文迁移；标题层级、图片路径及展示语法规范化
0060-ChIP_seq.Rmd	717	720	`Peakzilla`：转录因子类型数据	ccd8cf38e872e9cb42ebc33dbd9e31ebfb5813f46c8c4dc7e998a5bee40236f3	manuscript/07-chip-seq-and-atac-seq.md	7.4	src-0060-ChIP-seq-717	正文迁移；标题层级、图片路径及展示语法规范化
0060-ChIP_seq.Rmd	721	726	`MACS2`：组蛋白修饰类型数据	0a26e4398a7b826972ae976e3372a6f390b89b690a98d0c5bf0ac4c3e8ec5668	manuscript/07-chip-seq-and-atac-seq.md	7.4	src-0060-ChIP-seq-721	正文迁移；标题层级、图片路径及展示语法规范化
0060-ChIP_seq.Rmd	727	731	饱和度分析	7510d67bae9ce75c98abb04e78e00e0e073403024501e11f20f092eea2c44384	manuscript/07-chip-seq-and-atac-seq.md	7.4	src-0060-ChIP-seq-727	正文迁移；标题层级、图片路径及展示语法规范化
0060-ChIP_seq.Rmd	732	735	ChIP-Seq数据的比较分析	031f26bae92e333962732c59947290d67fa6fe16ef747d4d79207ca56df2ca3f	manuscript/07-chip-seq-and-atac-seq.md	7.6	src-0060-ChIP-seq-732	正文迁移；标题层级、图片路径及展示语法规范化
0060-ChIP_seq.Rmd	736	746	Peak 区域的交集	eb0c77a2009f1fe78dc880d74e68c51d146cd6c14b8ccdef66d4853ff83d11aa	manuscript/07-chip-seq-and-atac-seq.md	7.6	src-0060-ChIP-seq-736	正文迁移；标题层级、图片路径及展示语法规范化
0060-ChIP_seq.Rmd	747	754	Irreproducible Discovery Rate (IDR)	f30dc2ee5336a1e8b7067c6d4d84c40d9236151043a8809391b245a36f96a13c	manuscript/07-chip-seq-and-atac-seq.md	7.6	src-0060-ChIP-seq-747	正文迁移；标题层级、图片路径及展示语法规范化
0060-ChIP_seq.Rmd	755	759	Peak calling for IDR	d7a264544ef4c9603c210ee61a50f7b72ef1f1f7f166120460119f04e0614006	manuscript/07-chip-seq-and-atac-seq.md	7.6	src-0060-ChIP-seq-755	正文迁移；标题层级、图片路径及展示语法规范化
0060-ChIP_seq.Rmd	760	764	计算 IDR	8e8b651398fb5a0148785483e06a1e56702bdebe99dddc439a0ec1cae15b0f66	manuscript/07-chip-seq-and-atac-seq.md	7.6	src-0060-ChIP-seq-760	正文迁移；标题层级、图片路径及展示语法规范化
0060-ChIP_seq.Rmd	765	779	reads 密度的比较	0dcb0326c598bea9570c90d3a628ae9ff72e885ca189597d3f6e9b066f52532f	manuscript/07-chip-seq-and-atac-seq.md	7.6	src-0060-ChIP-seq-765	正文迁移；标题层级、图片路径及展示语法规范化
0060-ChIP_seq.Rmd	780	796	合并 `Peak` 区间	93363decc0c82918069a69882f8d97bcc7695fad2d4c115dafbf08de19f1ca08	manuscript/07-chip-seq-and-atac-seq.md	7.6	src-0060-ChIP-seq-780	正文迁移；标题层级、图片路径及展示语法规范化
0060-ChIP_seq.Rmd	797	801	差异结合分析	8a40eb791a62634790d46ab1802941766d8ce2e742e434465a8191fb1a9468c6	manuscript/07-chip-seq-and-atac-seq.md	7.7	src-0060-ChIP-seq-797	正文迁移；标题层级、图片路径及展示语法规范化
0060-ChIP_seq.Rmd	802	806	使用DESeq2进行分析	11b1c1a5be8d8cddac930ebfe6ee99d2d11dbf71e38431942426fc95824ef01e	manuscript/07-chip-seq-and-atac-seq.md	7.7	src-0060-ChIP-seq-802	正文迁移；标题层级、图片路径及展示语法规范化
0060-ChIP_seq.Rmd	807	819	Diffbind	1277de03b214bcb1315bd26d53f5743e4e65033ba738d97e5bd3e1eb8c99a570	manuscript/07-chip-seq-and-atac-seq.md	7.7	src-0060-ChIP-seq-807	正文迁移；标题层级、图片路径及展示语法规范化
0060-ChIP_seq.Rmd	820	822	下游分析	5b4c77d445ddbae43601f29f442663389b99da0fc107975b626a9cb0b17f8e37	manuscript/07-chip-seq-and-atac-seq.md	7.8	src-0060-ChIP-seq-820	正文迁移；标题层级、图片路径及展示语法规范化
0060-ChIP_seq.Rmd	823	838	结合基因组位置的序列特征	2a71efa43ab10ff04632221b89ec53fea2f775035dfe5d8b6f15b5e633140e96	manuscript/07-chip-seq-and-atac-seq.md	7.8	src-0060-ChIP-seq-823	正文迁移；标题层级、图片路径及展示语法规范化
0060-ChIP_seq.Rmd	839	843	距离基因的距离	b035ccb26daa8c15f1d14063fc7b5a7b12b74d1b7b1619e7c075407670cc3aff	manuscript/07-chip-seq-and-atac-seq.md	7.8	src-0060-ChIP-seq-839	正文迁移；标题层级、图片路径及展示语法规范化
0060-ChIP_seq.Rmd	844	847	功能分析	5cbccb3380e0005187bc7c929fa9038c2b3c105122dd40e0cfcd3f35a75c9d13	manuscript/07-chip-seq-and-atac-seq.md	7.8	src-0060-ChIP-seq-844	正文迁移；标题层级、图片路径及展示语法规范化
0060-ChIP_seq.Rmd	848	850	注释到靶基因	79fbd56a92fb523645252035cb950abaa156152d291b009d0dfdd7f034c58cb1	manuscript/07-chip-seq-and-atac-seq.md	7.8	src-0060-ChIP-seq-848	正文迁移；标题层级、图片路径及展示语法规范化
0060-ChIP_seq.Rmd	851	857	基因富集分析	2458cb12dcb27850804488a4688c7b53154fa15a6d19f09aea9f2bca48fdb512	manuscript/07-chip-seq-and-atac-seq.md	7.8	src-0060-ChIP-seq-851	正文迁移；标题层级、图片路径及展示语法规范化
0060-ChIP_seq.Rmd	858	862	其它类型的基因富集分析	ac3cab7a9b1d56b9e38a63cedfdddddd3c95bea821b73ef8c8abd754357df605	manuscript/07-chip-seq-and-atac-seq.md	7.8	src-0060-ChIP-seq-858	正文迁移；标题层级、图片路径及展示语法规范化
0060-ChIP_seq.Rmd	863	866	序列分析	76edb0faa9678b107edd2449451e0168fde048887b36b4d86a62af6d2b98c731	manuscript/07-chip-seq-and-atac-seq.md	7.8	src-0060-ChIP-seq-863	正文迁移；标题层级、图片路径及展示语法规范化
0060-ChIP_seq.Rmd	867	881	Motif 分析	d0058fa076efa2d459f4bdb995e4a37188f90555429d269e585e23b09fe013cf	manuscript/07-chip-seq-and-atac-seq.md	7.8	src-0060-ChIP-seq-867	正文迁移；标题层级、图片路径及展示语法规范化
0060-ChIP_seq.Rmd	882	885	序列保守性	6d176945692acc965e280ce3d08f65ace25bfc11d5321c9da82b4706ab085a28	manuscript/07-chip-seq-and-atac-seq.md	7.8	src-0060-ChIP-seq-882	正文迁移；标题层级、图片路径及展示语法规范化
0060-ChIP_seq.Rmd	886	889	结合其他数据分析	b12cca06da18c1f4b2e876e409ba2db7a61b230f12fce6efe2a2fe82e13f3b2e	manuscript/07-chip-seq-and-atac-seq.md	7.8	src-0060-ChIP-seq-886	正文迁移；标题层级、图片路径及展示语法规范化
0060-ChIP_seq.Rmd	890	900	额外的 ChIP-seq 数据集	374d9c6913b3dc552090e7d2b1ffaef3c774140f250edb8108c27dcaf268d64a	manuscript/07-chip-seq-and-atac-seq.md	7.8	src-0060-ChIP-seq-890	正文迁移；标题层级、图片路径及展示语法规范化
0060-ChIP_seq.Rmd	901	905	表达数据	bc9e711e7f2ea04601c9657828c624d148a376523d1af6e14744a20a568f8ca3	manuscript/07-chip-seq-and-atac-seq.md	7.8	src-0060-ChIP-seq-901	正文迁移；标题层级、图片路径及展示语法规范化
0060-ChIP_seq.Rmd	906	909	其他类型数据	e501d636b6f42af9c3feb2121ca0f0c1cb5850ef918ac1301da1e6b0bad237d8	manuscript/07-chip-seq-and-atac-seq.md	7.8	src-0060-ChIP-seq-906	正文迁移；标题层级、图片路径及展示语法规范化
0070-WGS.Rmd	1	2	全基因组测序与全外显子组测序 {#whole_genome_sequencing}	25e1d51fbd1ba922c900f8cee6960c31527ecd75e20aa57538e765691918a287	manuscript/08-wgs-and-wes.md	8.1	src-0070-WGS-1	正文迁移；标题层级、图片路径及展示语法规范化
0070-WGS.Rmd	3	4	全基因组测序(WGS)	b2b898f410728938c233d00c989ea5bceaf0a603193dd18c7721debde2761c3c	manuscript/08-wgs-and-wes.md	8.1	src-0070-WGS-3	正文迁移；标题层级、图片路径及展示语法规范化
0070-WGS.Rmd	5	6	实验设计（待补充）	b5f612e09df1cadcc7d2d0020d97ad5732254445feab44d0047458197c5745e3	manuscript/08-wgs-and-wes.md	8.1	src-0070-WGS-5	正文迁移；标题层级、图片路径及展示语法规范化
0070-WGS.Rmd	7	8	样本量	0de1d0fe1c1e4037e7b4208397b35b87c6f609a68226161792e55ca8fe572ead	manuscript/08-wgs-and-wes.md	8.1	src-0070-WGS-7	正文迁移；标题层级、图片路径及展示语法规范化
0070-WGS.Rmd	9	45	覆盖度估算	11abbb249e1dbe5e8a9a2c0e943cee6a00e256ca947a3893abdbdb355156f1ca	manuscript/04-quality-control-and-alignment.md	4.1	src-0070-WGS-9	正文迁移；标题层级、图片路径及展示语法规范化
0070-WGS.Rmd	46	47	SNV/SNP的数据前处理	675edd63863e6353d85d778ce6e2ea578c9e19979f6dba61b8e5dbb618478d67	manuscript/04-quality-control-and-alignment.md	4.7	src-0070-WGS-46	正文迁移；标题层级、图片路径及展示语法规范化
0070-WGS.Rmd	48	49	去除PCR重复	6a8a46e797713a0ed92e337e131e092fc95dd19531f271e47cc65e614192f2e8	manuscript/04-quality-control-and-alignment.md	4.7	src-0070-WGS-48	正文迁移；标题层级、图片路径及展示语法规范化
0070-WGS.Rmd	50	69	duplicate产生原因	89eba41ebd90f3769c478ef620bdbdc34c848460c90c80afd84aeb5e6c367dff	manuscript/04-quality-control-and-alignment.md	4.7	src-0070-WGS-50	正文迁移；标题层级、图片路径及展示语法规范化
0070-WGS.Rmd	70	207	用泊松分布解释duplicate问题	2d24dc7e346020de2cc2584885995431386592205c7143b0e0d08ee713d976ba	manuscript/04-quality-control-and-alignment.md	4.7	src-0070-WGS-70	正文迁移；标题层级、图片路径及展示语法规范化
0070-WGS.Rmd	208	217	PCR bias的影响	520d49bed45e2d964c91c445f40a89dfb642c738f46e36e853f47c8504ec7a51	manuscript/04-quality-control-and-alignment.md	4.7	src-0070-WGS-208	正文迁移；标题层级、图片路径及展示语法规范化
0070-WGS.Rmd	218	286	操作	7124a2cb625ac72db29d9387c1428c2041f04276920969ea6c813caede46fa3b	manuscript/04-quality-control-and-alignment.md	4.7	src-0070-WGS-218	正文迁移；标题层级、图片路径及展示语法规范化
0070-WGS.Rmd	287	288	碱基质量校正	61fd559bce268a7f4d28bc2786166dcf2bfa39a48dc3fd3f9117d1b0d08e8cd1	manuscript/08-wgs-and-wes.md	8.3	src-0070-WGS-287	正文迁移；标题层级、图片路径及展示语法规范化
0070-WGS.Rmd	289	336	质量校正原理	3ff46133e249923776ae19b102f7a18113a69af47f2de73ecfeaccd4ea559bf9	manuscript/08-wgs-and-wes.md	8.3	src-0070-WGS-289	正文迁移；标题层级、图片路径及展示语法规范化
0070-WGS.Rmd	337	362	操作	b55c0abaf2e32fa345350213e0baedb0a352f62927a37ed994df031d54ff20e4	manuscript/08-wgs-and-wes.md	8.3	src-0070-WGS-337	正文迁移；标题层级、图片路径及展示语法规范化
0070-WGS.Rmd	363	364	使用GATK鉴定SNV/SNP位点	aee278876d6be1e393f219fbf7bbc9088b29cf22718d2404ab4d9364a2600dff	manuscript/08-wgs-and-wes.md	8.4	src-0070-WGS-363	正文迁移；标题层级、图片路径及展示语法规范化
0070-WGS.Rmd	365	366	变异位点基因型推断的数学原理	c4c7c8c9448fc09be5f0fd497792f1852815f4fcd3cd3d7feddb857d0f1a4f54	manuscript/08-wgs-and-wes.md	8.4	src-0070-WGS-365	正文迁移；标题层级、图片路径及展示语法规范化
0070-WGS.Rmd	367	536	单点基因型推断	f4a4cc790f0f9fa372a1d8929814fc3ab4a78de1649b041313b36faf693f8bf7	manuscript/08-wgs-and-wes.md	8.4	src-0070-WGS-367	正文迁移；标题层级、图片路径及展示语法规范化
0070-WGS.Rmd	537	638	单体型推断	c370c4d25d50d2a981bfc97773730359fd6167c318e2106479772a1ef489965e	manuscript/08-wgs-and-wes.md	8.4	src-0070-WGS-537	正文迁移；标题层级、图片路径及展示语法规范化
0070-WGS.Rmd	639	642	全外显子组测序（WES）	5841e2978fb05106e0b2bb1d6d517d32016f6c25ca5e59cc759883789151cbd3	manuscript/08-wgs-and-wes.md	8.1	src-0070-WGS-639	正文迁移；标题层级、图片路径及展示语法规范化
0070-WGS.Rmd	643	678	简介	374842369965aeb91bb9dd11218ffafe58dce7b55300321dbfbc26f504d6fd27	manuscript/08-wgs-and-wes.md	8.1	src-0070-WGS-643	正文迁移；标题层级、图片路径及展示语法规范化
0070-WGS.Rmd	679	700	全外显子组测序的覆盖度与测序深度	5194c7e7f71d49a474656540d4351e0b78e7ba142037541b013c19521bfaa463	manuscript/08-wgs-and-wes.md	8.2	src-0070-WGS-679	正文迁移；标题层级、图片路径及展示语法规范化
0070-WGS.Rmd	701	795	全外显子组数据分析实战	26b0dd67370bf3c28c8eaa09ba118af71f136fad213393fc286eaa5d0afe11e3	manuscript/08-wgs-and-wes.md	8.5	src-0070-WGS-701	正文迁移；标题层级、图片路径及展示语法规范化
0070-WGS.Rmd	796	803	测序数据的下游分析方向	3aea91529213e88aaa824c80801b40c6fe53025a485bc912f7e0602deb3c3ac4	manuscript/08-wgs-and-wes.md	8.7	src-0070-WGS-796	正文迁移；标题层级、图片路径及展示语法规范化
0070-WGS.Rmd	804	815	突变位点相关数据库查询	d545e41e6bdd0f192c16e92bfa0858c406d5441b77aeb2846fab92346194f386	manuscript/08-wgs-and-wes.md	8.7	src-0070-WGS-804	正文迁移；标题层级、图片路径及展示语法规范化
0070-WGS.Rmd	816	839	数据库使用案例	9687c4075044a55d3fdef886f566c1f42352adbde28ab270141451b296f29b72	manuscript/08-wgs-and-wes.md	8.7	src-0070-WGS-816	正文迁移；标题层级、图片路径及展示语法规范化
0070-WGS.Rmd	840	849	通路分析	17976c2d5aefb300c819f7d96e1482edd247b56ac078bfbef739c80642559835	manuscript/08-wgs-and-wes.md	8.7	src-0070-WGS-840	正文迁移；标题层级、图片路径及展示语法规范化
0070-WGS.Rmd	850	861	样本数据库寻找数据集进行验证或辅助分析	1863a8df7030a99baaf4f163e43dd901875a88dba23025fc84ebff5687d095d9	manuscript/08-wgs-and-wes.md	8.7	src-0070-WGS-850	正文迁移；标题层级、图片路径及展示语法规范化
0080-statistics.Rmd	1	2	常用数据分析的数学原理 {#statistics}	fafbe61198ce4ced0d84bac6a970960b12bc06bb1b3e506a049c1c7574b5f249	manuscript/05-statistics-and-exploration.md	5.1	src-0080-statistics-1	正文迁移；标题层级、图片路径及展示语法规范化
0080-statistics.Rmd	3	4	假设检验	9fc84b55651d47220d2626a58a71174878743b75476d377cb0fb4b4655057c6b	manuscript/05-statistics-and-exploration.md	5.3	src-0080-statistics-3	正文迁移；标题层级、图片路径及展示语法规范化
0080-statistics.Rmd	5	6	线性回归	0d087efd91613e35c2a18be03e3d8329e4500bc866a8bfe8991c82ca41bb75a6	manuscript/05-statistics-and-exploration.md	5.5	src-0080-statistics-5	正文迁移；标题层级、图片路径及展示语法规范化
0080-statistics.Rmd	7	8	主成分分析	8f0cc82bfebead8db61409b1450bb961197ab00c1e5d95e4b8724ff30f474574	manuscript/05-statistics-and-exploration.md	5.6	src-0080-statistics-7	正文迁移；标题层级、图片路径及展示语法规范化
0080-statistics.Rmd	9	10	主坐标分析	751f50020f26f2ce0fe99f53dff7a28390f0de97f032f7de51eecb9564669abe	manuscript/05-statistics-and-exploration.md	5.6	src-0080-statistics-9	正文迁移；标题层级、图片路径及展示语法规范化
0080-statistics.Rmd	11	12	聚类	c2545d4cce31431e60890ffc9600072c7cfae996b042fed2d095f01ee82979a0	manuscript/05-statistics-and-exploration.md	5.6	src-0080-statistics-11	正文迁移；标题层级、图片路径及展示语法规范化
0080-statistics.Rmd	13	18	tSNE	64b8c06511545f44122559cdc8001d5a7a384ac47a0b03599f53b5b9abcde8f6	manuscript/05-statistics-and-exploration.md	5.7	src-0080-statistics-13	正文迁移；标题层级、图片路径及展示语法规范化
0080-statistics.Rmd	19	20	信息熵与相对熵	129d76cb3cdb057e5cc6c13c7f92ef54c57d07b60507aa1f4bd2c0c71d38efbe	manuscript/05-statistics-and-exploration.md	5.7	src-0080-statistics-19	正文迁移；标题层级、图片路径及展示语法规范化
0080-statistics.Rmd	21	39	信息熵	6f695f1e511aa60eb61a804fe9e4350c2e06764d558cd7bbdafdbf1f88ef8e97	manuscript/05-statistics-and-exploration.md	5.7	src-0080-statistics-21	正文迁移；标题层级、图片路径及展示语法规范化
0080-statistics.Rmd	40	70	相对熵	bbf59e8e32507756a2fbdc0dc338cdf6d64be71e40c8da9806f520b9b7b5d51b	manuscript/05-statistics-and-exploration.md	5.7	src-0080-statistics-40	正文迁移；标题层级、图片路径及展示语法规范化
0080-statistics.Rmd	71	72	t-SNE算法详解	e8225e2c2f07c6a2d5b6f5c67edcba376b0dbd80c8d134c550c158487e44b2a0	manuscript/05-statistics-and-exploration.md	5.7	src-0080-statistics-71	正文迁移；标题层级、图片路径及展示语法规范化
0080-statistics.Rmd	73	89	t-SNE概述	b52fd2e504bb7111448598b7bad70f8dd79ee9e66395675a9e171ee87208ae5f	manuscript/05-statistics-and-exploration.md	5.7	src-0080-statistics-73	正文迁移；标题层级、图片路径及展示语法规范化
0080-statistics.Rmd	90	176	SNE算法原理	5fac1bda3e0038125a495b195ba6f2bc5491ab6e50059f1336dbf81d7900c8d2	manuscript/05-statistics-and-exploration.md	5.7	src-0080-statistics-90	正文迁移；标题层级、图片路径及展示语法规范化
0080-statistics.Rmd	177	209	t-SNE相对于SNE的提升	0fd63ec8b7bf06e7c45f3494463f6498de12d048cd96d9a76037b28ed3636ba6	manuscript/05-statistics-and-exploration.md	5.7	src-0080-statistics-177	正文迁移；标题层级、图片路径及展示语法规范化
0080-statistics.Rmd	210	224	t-SNE的优缺点	4140282965be4ca2fbcdc94d369a68e7b20bda42bfb89a0f171f8bbdbe458f21	manuscript/05-statistics-and-exploration.md	5.7	src-0080-statistics-210	正文迁移；标题层级、图片路径及展示语法规范化
0080-statistics.Rmd	225	278	R语言实战	105e170d7757c89dba106bd39012441adb6b600de4309018a27fbeb5883741f0	manuscript/05-statistics-and-exploration.md	5.7	src-0080-statistics-225	正文迁移；标题层级、图片路径及展示语法规范化
0090-build_up_bioinfo_platform.Rmd	1	2	生物信息学平台的构建 {#build_up_platform}	a24f8faba4a6832f66c8b5a24045340fee31e3f2a950dd71d1e7768c218ae610	manuscript/02-computing-and-programming.md	2.1	src-0090-build-up-bioinfo-platform-1	正文迁移；标题层级、图片路径及展示语法规范化
0090-build_up_bioinfo_platform.Rmd	3	12	Windows、Linux和MacOS的选择	0c6c3323d16ba3602ed80f604cd18328caf240fb4630663a814d916fdf9517a5	manuscript/02-computing-and-programming.md	2.1	src-0090-build-up-bioinfo-platform-3	正文迁移；标题层级、图片路径及展示语法规范化
0090-build_up_bioinfo_platform.Rmd	13	14	Linux的一些基本概念	11221ead26076d0f3942c9dfd0d17b2aba0aa21bdba6cb0c1b23b1fec8ddf6ee	manuscript/02-computing-and-programming.md	2.2	src-0090-build-up-bioinfo-platform-13	正文迁移；标题层级、图片路径及展示语法规范化
0090-build_up_bioinfo_platform.Rmd	15	24	Linux的环境变量	f067e328570741ac6a9ba979bdab09fe32bd81958f712f5f4c594616cc7d5eb0	manuscript/02-computing-and-programming.md	2.2	src-0090-build-up-bioinfo-platform-15	正文迁移；标题层级、图片路径及展示语法规范化
0090-build_up_bioinfo_platform.Rmd	25	61	APT	a497eda04dce31284e52201a17e8f57073c8c8c22961e2127847e9b92e9ff11f	manuscript/02-computing-and-programming.md	2.1	src-0090-build-up-bioinfo-platform-25	正文迁移；标题层级、图片路径及展示语法规范化
0090-build_up_bioinfo_platform.Rmd	62	85	yum	0acb66e945dfe2fee6139ec72d561f5980f5950a16fdf029615da2d10cb748fd	manuscript/02-computing-and-programming.md	2.1	src-0090-build-up-bioinfo-platform-62	正文迁移；标题层级、图片路径及展示语法规范化
0090-build_up_bioinfo_platform.Rmd	86	89	Windows命令行环境搭建	9ccfd46f11666f8138a8b91bbbf281aad53d64b9b61450420b6a60d0fda05fd7	manuscript/02-computing-and-programming.md	2.1	src-0090-build-up-bioinfo-platform-86	正文迁移；标题层级、图片路径及展示语法规范化
0090-build_up_bioinfo_platform.Rmd	90	95	环境变量	50dc77686692153ee70e77825a1896a92ce7160ef9542d5f01a10dd3653ef1d7	manuscript/02-computing-and-programming.md	2.1	src-0090-build-up-bioinfo-platform-90	正文迁移；标题层级、图片路径及展示语法规范化
0090-build_up_bioinfo_platform.Rmd	96	107	Windows高级设置修改环境变量	44c145657ddda18de93e27fa45bf79434d3d5cc39219aa888481bdefe9847221	manuscript/02-computing-and-programming.md	2.1	src-0090-build-up-bioinfo-platform-96	正文迁移；标题层级、图片路径及展示语法规范化
0090-build_up_bioinfo_platform.Rmd	108	113	编辑环境变量	ec57f28c53d4fb8e381717ba7402a7aba191710cf605febf6ff4241fc3dffdb0	manuscript/02-computing-and-programming.md	2.1	src-0090-build-up-bioinfo-platform-108	正文迁移；标题层级、图片路径及展示语法规范化
0090-build_up_bioinfo_platform.Rmd	114	121	新建环境变量	a60b1260277e9ed1cd8458b97c79228f71dd53d7806e1775e7ed2300ed39788e	manuscript/02-computing-and-programming.md	2.1	src-0090-build-up-bioinfo-platform-114	正文迁移；标题层级、图片路径及展示语法规范化
0090-build_up_bioinfo_platform.Rmd	122	146	PowerShell配置文件设置环境变量	2cab37eb50fcfd478c175fb8ec11514514832921e55e847f3b3680b2ae9ba6e5	manuscript/02-computing-and-programming.md	2.1	src-0090-build-up-bioinfo-platform-122	正文迁移；标题层级、图片路径及展示语法规范化
0090-build_up_bioinfo_platform.Rmd	147	152	WSL	8fe4d23d4512a04c0ba6a15482ed98ecd9050025ece62f0a685de355f0473816	manuscript/02-computing-and-programming.md	2.1	src-0090-build-up-bioinfo-platform-147	正文迁移；标题层级、图片路径及展示语法规范化
0090-build_up_bioinfo_platform.Rmd	153	156	安装WSL	1de1b8357077f112bbee1fd2c9c7b140eeff309dc53a4f8fbb8d7d31a1fa7d69	manuscript/02-computing-and-programming.md	2.1	src-0090-build-up-bioinfo-platform-153	正文迁移；标题层级、图片路径及展示语法规范化
0090-build_up_bioinfo_platform.Rmd	157	162	启用“适用于 Linux 的 Windows 子系统”可选功能	c803683a6b9e5b14e9711e528b3246bb0e031fc16f439e0dac39dd2d5cef73b0	manuscript/02-computing-and-programming.md	2.1	src-0090-build-up-bioinfo-platform-157	正文迁移；标题层级、图片路径及展示语法规范化
0090-build_up_bioinfo_platform.Rmd	163	168	启用“虚拟机平台”可选功能	84be0f631a5333717bcc6b83e76c2ac519d4735c47486e08f90d323c46d0c489	manuscript/02-computing-and-programming.md	2.1	src-0090-build-up-bioinfo-platform-163	正文迁移；标题层级、图片路径及展示语法规范化
0090-build_up_bioinfo_platform.Rmd	169	176	设置WSL2为默认版本	ab8ec5c919affc827deb22f9a255146bb973d671e0812344980a0d7ee3bf2616	manuscript/02-computing-and-programming.md	2.1	src-0090-build-up-bioinfo-platform-169	正文迁移；标题层级、图片路径及展示语法规范化
0090-build_up_bioinfo_platform.Rmd	177	182	安装发行版	6d69977046a73741854802597d1eb19817f6135256b32f4447686fa234710144	manuscript/02-computing-and-programming.md	2.1	src-0090-build-up-bioinfo-platform-177	正文迁移；标题层级、图片路径及展示语法规范化
0090-build_up_bioinfo_platform.Rmd	183	188	创建账户和密码	dc5f4a1ac08a0777e7865ca7664cd9ce5a881d52510d9b4e3b0a5b70fa843e40	manuscript/02-computing-and-programming.md	2.1	src-0090-build-up-bioinfo-platform-183	正文迁移；标题层级、图片路径及展示语法规范化
0090-build_up_bioinfo_platform.Rmd	189	196	Windows Terminal	f42ef2be6932ca1e60932a7ab7e51901341b5bc2f54144b5e25aca5069091c02	manuscript/02-computing-and-programming.md	2.1	src-0090-build-up-bioinfo-platform-189	正文迁移；标题层级、图片路径及展示语法规范化
0090-build_up_bioinfo_platform.Rmd	197	208	OpenSSH for Windows	132d3d347b1d77c324a8f713d300f1d6f710270c1de259e18b4db1cb688c9808	manuscript/02-computing-and-programming.md	2.1	src-0090-build-up-bioinfo-platform-197	正文迁移；标题层级、图片路径及展示语法规范化
0090-build_up_bioinfo_platform.Rmd	209	220	Anaconda and bioconda	a13b662dd17d1f89cfa27678c42540ac0a8aaf46137f96f2984384e30d905844	manuscript/02-computing-and-programming.md	2.1	src-0090-build-up-bioinfo-platform-209	正文迁移；标题层级、图片路径及展示语法规范化
0090-build_up_bioinfo_platform.Rmd	221	228	Anaconda的安装	0fde4bfcd832ac744354b6e47513c5ce821d8408d3e062b0fd90f3d4fe2f3590	manuscript/02-computing-and-programming.md	2.1	src-0090-build-up-bioinfo-platform-221	正文迁移；标题层级、图片路径及展示语法规范化
0090-build_up_bioinfo_platform.Rmd	229	236	Anaconda镜像的设置	0dc90eef6e678bbc83424547ec689dac62893e4a5850191b4e15c3ad6a024f1c	manuscript/02-computing-and-programming.md	2.1	src-0090-build-up-bioinfo-platform-229	正文迁移；标题层级、图片路径及展示语法规范化
0090-build_up_bioinfo_platform.Rmd	237	263	Anaconda环境的管理	801c8fe38497edc3d588d48175871fe9e2cfe8322a6746f0c84029c00fb015f2	manuscript/02-computing-and-programming.md	2.1	src-0090-build-up-bioinfo-platform-237	正文迁移；标题层级、图片路径及展示语法规范化
0090-build_up_bioinfo_platform.Rmd	264	269	mamba	824e9c7cb8f4c64542df164a5009c726c755da46bf14edbdcecf7ec793f54a7d	manuscript/02-computing-and-programming.md	2.1	src-0090-build-up-bioinfo-platform-264	正文迁移；标题层级、图片路径及展示语法规范化
0090-build_up_bioinfo_platform.Rmd	270	273	Jupyter	c6f32f41c4aa659ebef5bcc73ff5660025041d59b7add965e05f6560d8b1994a	manuscript/02-computing-and-programming.md	2.5	src-0090-build-up-bioinfo-platform-270	正文迁移；标题层级、图片路径及展示语法规范化
0090-build_up_bioinfo_platform.Rmd	274	283	安装JupyterLab	61d9fc3701ebb074fb4488115ef7461f01a63dd88cd7ba8e06a33f8815343305	manuscript/02-computing-and-programming.md	2.5	src-0090-build-up-bioinfo-platform-274	正文迁移；标题层级、图片路径及展示语法规范化
0090-build_up_bioinfo_platform.Rmd	284	287	内核安装	72b8f2f60afaf1b566cef540eab366d590afb3578a093bc8c26cf98d500e68a1	manuscript/02-computing-and-programming.md	2.5	src-0090-build-up-bioinfo-platform-284	正文迁移；标题层级、图片路径及展示语法规范化
0090-build_up_bioinfo_platform.Rmd	288	299	本地和远程使用	5f8ec50863638c361f527db7bbc1088aa2d676de0b32c85309ff275a73b07536	manuscript/02-computing-and-programming.md	2.5	src-0090-build-up-bioinfo-platform-288	正文迁移；标题层级、图片路径及展示语法规范化
0090-build_up_bioinfo_platform.Rmd	300	302	"R and Rstudio	"	44cf8458e9d4bee742388540ca0a139831379ac3188f5861a74432909746e30a	manuscript/02-computing-and-programming.md	2.4	src-0090-build-up-bioinfo-platform-300	正文迁移；标题层级、图片路径及展示语法规范化
0090-build_up_bioinfo_platform.Rmd	303	320	R-base的安装和CRAN镜像设置	88db3f84bd7ab5b47c9dbd79979538549cbae9b136190a32b8d14c4dc4842f07	manuscript/02-computing-and-programming.md	2.4	src-0090-build-up-bioinfo-platform-303	正文迁移；标题层级、图片路径及展示语法规范化
0090-build_up_bioinfo_platform.Rmd	321	345	Rtools	d7bb1b51aa60ed5872a4cd3e3c275fa8cdcf569af548cc1356fce2c7051a8b0f	manuscript/02-computing-and-programming.md	2.4	src-0090-build-up-bioinfo-platform-321	正文迁移；标题层级、图片路径及展示语法规范化
0090-build_up_bioinfo_platform.Rmd	346	362	Julia	833d0af0797139638e3fee1e24a2dcc7748726a8bbb5aef97f6650edbfe2f7c1	manuscript/02-computing-and-programming.md	2.5	src-0090-build-up-bioinfo-platform-346	正文迁移；标题层级、图片路径及展示语法规范化
0090-build_up_bioinfo_platform.Rmd	363	364	Julia基础环境搭建	bc9c3368d3d7a8fe881c9578347fb7e257b0aa3ceb9aa068bf892a1a264952df	manuscript/02-computing-and-programming.md	2.5	src-0090-build-up-bioinfo-platform-363	正文迁移；标题层级、图片路径及展示语法规范化
0090-build_up_bioinfo_platform.Rmd	365	370	Julia的安装	ceb512c22544b2e6244f3a52441394de2cfdb8cbacfa755b8c5d76ec580045f9	manuscript/02-computing-and-programming.md	2.5	src-0090-build-up-bioinfo-platform-365	正文迁移；标题层级、图片路径及展示语法规范化
0090-build_up_bioinfo_platform.Rmd	371	382	Julia的REPL	959ca699dbe5d50fe737b20c703a2cd3d282ae0ca7942905d3c167e43324a4ff	manuscript/02-computing-and-programming.md	2.5	src-0090-build-up-bioinfo-platform-371	正文迁移；标题层级、图片路径及展示语法规范化
0090-build_up_bioinfo_platform.Rmd	383	386	Julia的设置	d5c06511d75c50595b31f35ae676e128a6dccaeeeff08c9985025747917e6a42	manuscript/02-computing-and-programming.md	2.5	src-0090-build-up-bioinfo-platform-383	正文迁移；标题层级、图片路径及展示语法规范化
0090-build_up_bioinfo_platform.Rmd	387	390	Julia包的管理	b6c0c5126ccf595361c817ca44276796027db8ab069f38d9fed1d8962dad1abc	manuscript/02-computing-and-programming.md	2.5	src-0090-build-up-bioinfo-platform-387	正文迁移；标题层级、图片路径及展示语法规范化
0090-build_up_bioinfo_platform.Rmd	391	417	开发环境配置	ad037118dd3d3b89acbddfd7fe726316655660a295048c6c0a4a6dc35cf6a868	manuscript/02-computing-and-programming.md	2.5	src-0090-build-up-bioinfo-platform-391	正文迁移；标题层级、图片路径及展示语法规范化
0090-build_up_bioinfo_platform.Rmd	418	430	Perl	83450ccd52909b324ab40aa102cd670433b3b7ce78d8078d749b9ab174aa38e2	manuscript/02-computing-and-programming.md	2.5	src-0090-build-up-bioinfo-platform-418	正文迁移；标题层级、图片路径及展示语法规范化
0090-build_up_bioinfo_platform.Rmd	431	431	其他内容	555c6e11b81c027eb0db4499627734afebc32e4d8409f8d3ce6c9d73cc63c214	manuscript/02-computing-and-programming.md	2.6	src-0090-build-up-bioinfo-platform-431	正文迁移；标题层级、图片路径及展示语法规范化
_0030-QC_of_FASTQ.Rmd	7	8	测序数据的质控与前处理 {#ngs_qc}	b084cafb347c2f8f26050631f89f7b977742914476573540ce4e4e01e570e61b	manuscript/04-quality-control-and-alignment.md	4.2	src-0030-QC-of-FASTQ-7	正文迁移；标题层级、图片路径及展示语法规范化
_0030-QC_of_FASTQ.Rmd	9	10	数据质控的目的	b8d050dd706007a9eed3c95cb403fc8de7909b0a121fa5239ae956f65df42fef	manuscript/04-quality-control-and-alignment.md	4.2	src-0030-QC-of-FASTQ-9	正文迁移；标题层级、图片路径及展示语法规范化
_0030-QC_of_FASTQ.Rmd	11	12	生成FastQ测序数据报告	bb44a0d1be95fcf9d3a319e30954b48b6a92241278ff8f46cff462c4a89463d8	manuscript/04-quality-control-and-alignment.md	4.2	src-0030-QC-of-FASTQ-11	正文迁移；标题层级、图片路径及展示语法规范化
_0030-QC_of_FASTQ.Rmd	13	14	FastQC	d766138400c86e3bc1948be6eaa24677189d804b1d9d9a821b97c796a1e73a2a	manuscript/04-quality-control-and-alignment.md	4.2	src-0030-QC-of-FASTQ-13	正文迁移；标题层级、图片路径及展示语法规范化
_0030-QC_of_FASTQ.Rmd	15	16	MultiQC	008c86495f24980273e02d7ba922097d5e7a1e3444a3a237b8dd890da92e91b4	manuscript/04-quality-control-and-alignment.md	4.2	src-0030-QC-of-FASTQ-15	正文迁移；标题层级、图片路径及展示语法规范化
_0030-QC_of_FASTQ.Rmd	17	18	常用的数据前处理办法及思路	800d93c451b0129f835ed6f839861c7ddf45ee5145e764bd2548e1d32e1a5933	manuscript/04-quality-control-and-alignment.md	4.3	src-0030-QC-of-FASTQ-17	正文迁移；标题层级、图片路径及展示语法规范化
_0030-QC_of_FASTQ.Rmd	19	22	去除测序接头	83152702e7f1e3000877e58b3d6d2a10eca35055ba9d1d6e9bf9ec4529420461	manuscript/04-quality-control-and-alignment.md	4.3	src-0030-QC-of-FASTQ-19	正文迁移；标题层级、图片路径及展示语法规范化
_0030-QC_of_FASTQ.Rmd	23	24	针对FASTQ文件的其他操作 （seqkit）	218b888f80b9d73bdc704ca676425e7ff361a87ec6746fbd73e2260cf23277d8	manuscript/04-quality-control-and-alignment.md	4.3	src-0030-QC-of-FASTQ-23	正文迁移；标题层级、图片路径及展示语法规范化
_0030-QC_of_FASTQ.Rmd	25	26	trim到相同长度	8fe2905820a6b1ec03e0d32d21443832a3d3d4ab37cf18ef204858a84ead1894	manuscript/04-quality-control-and-alignment.md	4.3	src-0030-QC-of-FASTQ-25	正文迁移；标题层级、图片路径及展示语法规范化
_0030-QC_of_FASTQ.Rmd	27	28	随机筛选	0a240690bd822f0dbcae29b8c28c0ee16d01d6438b56f62942766eec292d2e0a	manuscript/04-quality-control-and-alignment.md	4.3	src-0030-QC-of-FASTQ-27	正文迁移；标题层级、图片路径及展示语法规范化
_0030-QC_of_FASTQ.Rmd	29	31	等等	6604f08556ee9ec2597fd3a282da3ab36f5a0e060ed4885f5e1bf4499427a072	manuscript/04-quality-control-and-alignment.md	4.3	src-0030-QC-of-FASTQ-29	正文迁移；标题层级、图片路径及展示语法规范化
Anwser-01-BBQ01-05/20180326-Q01-05-Anwser-Bioinformatic Basic Questions.md	1	2	100 Bioinformatic Basic Questions_1	7072ec8b7620fbde39cfd932bd85e715449632757aa2da504d574475d199a6f1	appendices/a-questions-01-05.md	A.1	question-01-1	题库主稿迁移；同题其他版本完整归档
Anwser-01-BBQ01-05/20180326-Q01-05-Anwser-Bioinformatic Basic Questions.md	3	4	1. 掌握FASTQ格式	320042575d112de7158aee4af8b675bc12c2fb000c9e4dcf04d653a1bb4ef16f	appendices/a-questions-01-05.md	A.1	question-01-3	题库主稿迁移；同题其他版本完整归档
Anwser-01-BBQ01-05/20180326-Q01-05-Anwser-Bioinformatic Basic Questions.md	5	21	1.1 格式有什么特点？	62e39618c3a6fb522cbed3eddabc9f46583bb4f92de80e4d5845b459ff41c895	appendices/a-questions-01-05.md	A.1	question-01-5	题库主稿迁移；同题其他版本完整归档
Anwser-01-BBQ01-05/20180326-Q01-05-Anwser-Bioinformatic Basic Questions.md	22	34	1.2 什么是phred值，怎么计算？	8ab7752e5c5926ccd24d7b28811cbf6b271ba1ba97c3d5231afc4f6beb593e31	appendices/a-questions-01-05.md	A.1	question-01-22	题库主稿迁移；同题其他版本完整归档
Anwser-01-BBQ01-05/20180326-Q01-05-Anwser-Bioinformatic Basic Questions.md	35	39	1.3 phred33 与 phred64是什么意思？	885f914d542a92eac7a4b0ec86e70dc282d100f795f5f6ad0a7341c1b4823dfc	appendices/a-questions-01-05.md	A.1	question-01-35	题库主稿迁移；同题其他版本完整归档
Anwser-01-BBQ01-05/20180326-Q01-05-Anwser-Bioinformatic Basic Questions.md	40	65	2. FASTA格式的构成是怎样的，有什么样的规律？	08a2b29986559c1d45ae876123e4f3f84b12ec9ed256b3aecdeadee90c5e91e1	appendices/a-questions-01-05.md	A.1	question-01-40	题库主稿迁移；同题其他版本完整归档
Anwser-01-BBQ01-05/20180326-Q01-05-Anwser-Bioinformatic Basic Questions.md	66	76	3. 什么序列适合用FASTA保存，什么序列适合用FASTQ保存？	629f337de41e8c87a1a7d6b51669392c0fbc7520205b1142883a439b751b4b08	appendices/a-questions-01-05.md	A.1	question-01-66	题库主稿迁移；同题其他版本完整归档
Anwser-01-BBQ01-05/20180326-Q01-05-Anwser-Bioinformatic Basic Questions.md	77	79	100 Bioinformatic Basic Questions_2	96739b225f17735bd82feabfd6985691f49448341d02f14773b9e52daca19ee9	appendices/a-questions-01-05.md	A.1	question-01-77	题库主稿迁移；同题其他版本完整归档
Anwser-01-BBQ01-05/20180326-Q01-05-Anwser-Bioinformatic Basic Questions.md	80	82	1. 第1代测序 sanger 测序法的原理是什么？通量比较低的核心原因是什么？	56a1a73a8df10c5f6cc178df462ae31edd43b64d9369f235a651d5eba075a331	appendices/a-questions-01-05.md	A.1	question-01-80	题库主稿迁移；同题其他版本完整归档
Anwser-01-BBQ01-05/20180326-Q01-05-Anwser-Bioinformatic Basic Questions.md	83	85	2. 作为2006年正式发布的illumina测序技术，或者称为第2代测序技术的代表性技术，其最大的特点是什么？	92f58817af39a8df06c8b7e0bbb7b41fd2d5c1f73ea99ea8283300e3d83fc234	appendices/a-questions-01-05.md	A.1	question-01-83	题库主稿迁移；同题其他版本完整归档
Anwser-01-BBQ01-05/20180326-Q01-05-Anwser-Bioinformatic Basic Questions.md	86	88	3. Illumina测序技术的核心是什么？	498504f31a28e438f9117ce91a32266789ef59010fad61488809135db0dd68a9	appendices/a-questions-01-05.md	A.1	question-01-86	题库主稿迁移；同题其他版本完整归档
Anwser-01-BBQ01-05/20180326-Q01-05-Anwser-Bioinformatic Basic Questions.md	89	93	4. Illumina测序技术为什么不能像第1代测序技术一样测500bp以上？	f72369715f233c1703932d5ab40fca87983d48bd487ea7bccfa2e22faa291579	appendices/a-questions-01-05.md	A.1	question-01-89	题库主稿迁移；同题其他版本完整归档
Anwser-01-BBQ01-05/20180326-Q01-05-Anwser-Bioinformatic Basic Questions.md	94	96	100 Bioinformatic Basic Questions_3	5f9b59196dea234910126e8fd739a9f858fd9ede61294aaae457c90006a90129	appendices/a-questions-01-05.md	A.1	question-01-94	题库主稿迁移；同题其他版本完整归档
Anwser-01-BBQ01-05/20180326-Q01-05-Anwser-Bioinformatic Basic Questions.md	97	98	1. 什么是Illumina测序adapter？同一批上机的adapter序列一样吗？它的作用是什么？	b8ff01ea1a5ced8b993f1f7a83d66879262c285ad976d274eb90fadae3f80cbe	appendices/a-questions-01-05.md	A.1	question-01-97	题库主稿迁移；同题其他版本完整归档
Anwser-01-BBQ01-05/20180326-Q01-05-Anwser-Bioinformatic Basic Questions.md	99	100	2. 一个完整的Illumina测序过程是那几步？	9821b593b9e5ae149de2b3c18030e0cbff949b962880dc1d197616b9157198af	appendices/a-questions-01-05.md	A.1	question-01-99	题库主稿迁移；同题其他版本完整归档
Anwser-01-BBQ01-05/20180326-Q01-05-Anwser-Bioinformatic Basic Questions.md	101	114	3. 什么是桥式PCR技术？为什么要进行桥式PCR？	4847b453757d6213c705a7800e50f29f008c0112c435018142d785aefa42901d	appendices/a-questions-01-05.md	A.1	question-01-101	题库主稿迁移；同题其他版本完整归档
Anwser-01-BBQ01-05/20180326-Q01-05-Anwser-Bioinformatic Basic Questions.md	115	117	4. 我们都说，测序结果会包含index，那么index是什么？有什么作用？	3673f376313862a2ee36812a1473057659cd3a0a321138ffa7e9a13bd2e81560	appendices/a-questions-01-05.md	A.1	question-01-115	题库主稿迁移；同题其他版本完整归档
Anwser-01-BBQ01-05/20180326-Q01-05-Anwser-Bioinformatic Basic Questions.md	118	127	5. 我们所说的flowcell，lane，tile都是什么意思？	3036dc38ff252aa5c8827f89e146f45888a51f91fcad6b93a4a41d8996841c8c	appendices/a-questions-01-05.md	A.1	question-01-118	题库主稿迁移；同题其他版本完整归档
Anwser-01-BBQ01-05/20180326-Q01-05-Anwser-Bioinformatic Basic Questions.md	128	131	6. Illumina测序结果质量表示方法采用的是Phred33还是Phred64？	596b68e6543c44076dc2bcc2eda01caf9d178c84b2a33994f0af6829ee0d17d6	appendices/a-questions-01-05.md	A.1	question-01-128	题库主稿迁移；同题其他版本完整归档
Anwser-01-BBQ01-05/20180326-Q01-05-Anwser-Bioinformatic Basic Questions.md	132	132	100 Bioinformatic Basic Questions_4	2ef23c50ba8fee2b3e475a6131186f353cf883b665dd3a71464edecf369ee215	appendices/a-questions-01-05.md	A.1	question-01-132	题库主稿迁移；同题其他版本完整归档
Anwser-01-BBQ01-05/20180326-Q01-05-Anwser-Bioinformatic Basic Questions.md	133	134	1. Illumina目前主流的测序仪都有哪几种型号？各自大概的通量是多少？（也就是1个run能跑出多少数据）	5fb023c06e12985aeac772138527b8b3340d4ab6c0d8aa1ef11a6f4c6b318dcd	appendices/a-questions-01-05.md	A.1	question-01-133	题库主稿迁移；同题其他版本完整归档
Anwser-01-BBQ01-05/20180326-Q01-05-Anwser-Bioinformatic Basic Questions.md	135	143	2. Illumina目前的测序技术，最核心的就是边合成边测序，即我们常说的 Sequencing by synthesis （SBS），那么为什么能够实现SBS？	388ed1f45db4b87dc025e88bb5c5fe97389af6f56c83130c9545b3521385ed0d	appendices/a-questions-01-05.md	A.1	question-01-135	题库主稿迁移；同题其他版本完整归档
Anwser-01-BBQ01-05/20180326-Q01-05-Anwser-Bioinformatic Basic Questions.md	144	147	3. 我们在第1问中，问了大家一个问题“Illumina测序技术为什么不能像第1代测序技术一样测500bp以上？”，这里面主要涉及到两种错误，一种叫phasing，一种叫pre-phasing，分别是什么意思？	9b8c4d0fefbe762240b85b3ca23c759db1e0354d9d6376ab6f505e66fa3665b8	appendices/a-questions-01-05.md	A.1	question-01-144	题库主稿迁移；同题其他版本完整归档
Anwser-01-BBQ01-05/20180326-Q01-05-Anwser-Bioinformatic Basic Questions.md	148	155	100 Bioinformatic Basic Questions_5	1a01722ee31b8937e4e615abe79f53caf71e60f600b7617d518d43920ce239c5	appendices/a-questions-01-05.md	A.1	question-01-148	题库主稿迁移；同题其他版本完整归档
Anwser-01-BBQ01-05/20180326-Q01-05-Anwser-Bioinformatic Basic Questions.md	156	159	1. adapter是什么意思？adapter与primer有什么区别？	eecc026b26b56ec0f5cc3ad42dfb98fa7170208126a0fa77e5e32eaa883b6c24	appendices/a-questions-01-05.md	A.1	question-01-156	题库主稿迁移；同题其他版本完整归档
Anwser-01-BBQ01-05/20180326-Q01-05-Anwser-Bioinformatic Basic Questions.md	160	161	2.比如最终的测序结果是 AATTCCGGATCGATCG...，那么adapter的序列可能出现在哪一端，还是两端都有可能出现？为什么？	33d8363e4d53876c1ab54452777a6f06922899543990a2713f4d2accb3e79685	appendices/a-questions-01-05.md	A.1	question-01-160	题库主稿迁移；同题其他版本完整归档
Anwser-02-BBQ06-10/100 Bioinformatic Basic Qquetion 6,7,8,9,10-MHW.md	3	6	缩写说明	f872e47406a946b9d49aa8be4ba6a0f1c6eb5bfb9436dbce52548ff39466bc9b	appendices/a-questions-06-10.md	A.2	question-06-3	题库主稿迁移；同题其他版本完整归档
Anwser-02-BBQ06-10/100 Bioinformatic Basic Qquetion 6,7,8,9,10-MHW.md	7	7	BBQ100-06	66d9117a87318ab10e542105ae7f4722fe7046f82d013e64703f630d96b010ae	appendices/a-questions-06-10.md	A.2	question-06-7	题库主稿迁移；同题其他版本完整归档
Anwser-02-BBQ06-10/100 Bioinformatic Basic Qquetion 6,7,8,9,10-MHW.md	8	34	问题描述	fceb0676a588982ca8928d7ff5d381096e4e4116eeaf4652541d43ab04f88338	appendices/a-questions-06-10.md	A.2	question-06-8	题库主稿迁移；同题其他版本完整归档
Anwser-02-BBQ06-10/100 Bioinformatic Basic Qquetion 6,7,8,9,10-MHW.md	35	78	参考答案	76c42d00b3055617a93379f6428bc5c35ca7a58b6fae4503196b899175c10474	appendices/a-questions-06-10.md	A.2	question-06-35	题库主稿迁移；同题其他版本完整归档
Anwser-02-BBQ06-10/100 Bioinformatic Basic Qquetion 6,7,8,9,10-MHW.md	79	79	BBQ100-07	752555763da1196f5e153ec8bbfa924abcd0fc25387107a95cfb541b1f9a80ef	appendices/a-questions-06-10.md	A.2	question-06-79	题库主稿迁移；同题其他版本完整归档
Anwser-02-BBQ06-10/100 Bioinformatic Basic Qquetion 6,7,8,9,10-MHW.md	80	108	原题描述	903c78a3fd509972477d55a5f62cbf6272817e6a28b4cb287c1d22519a38e166	appendices/a-questions-06-10.md	A.2	question-06-80	题库主稿迁移；同题其他版本完整归档
Anwser-02-BBQ06-10/100 Bioinformatic Basic Qquetion 6,7,8,9,10-MHW.md	109	135	参考答案	4abc1ba6d40df95c78f7af99bd52123c8201a508aae9c9ad4fe3a282f2abca5b	appendices/a-questions-06-10.md	A.2	question-06-109	题库主稿迁移；同题其他版本完整归档
Anwser-02-BBQ06-10/100 Bioinformatic Basic Qquetion 6,7,8,9,10-MHW.md	136	136	BBQ100-08	0ccfdb0169881562eb7057d3cfb4b755a15906d1de38b06ba825369573b3ecba	appendices/a-questions-06-10.md	A.2	question-06-136	题库主稿迁移；同题其他版本完整归档
Anwser-02-BBQ06-10/100 Bioinformatic Basic Qquetion 6,7,8,9,10-MHW.md	137	177	原题描述	03255eafef92190c7169dbde8968434c1ac441857bb3a64c14ebd75cfc2e6ef0	appendices/a-questions-06-10.md	A.2	question-06-137	题库主稿迁移；同题其他版本完整归档
Anwser-02-BBQ06-10/100 Bioinformatic Basic Qquetion 6,7,8,9,10-MHW.md	178	210	参考答案	6630fe2afead1d1f94523a751d34cd25b25c170394d0a137755542fcc409ac4f	appendices/a-questions-06-10.md	A.2	question-06-178	题库主稿迁移；同题其他版本完整归档
Anwser-02-BBQ06-10/100 Bioinformatic Basic Qquetion 6,7,8,9,10-MHW.md	211	226	能力扩展题：	40ded1af1e4b984079bb29aa0b4e8177ccb6370699a2c9d10142f9ed01ba75f0	appendices/a-questions-06-10.md	A.2	question-06-211	题库主稿迁移；同题其他版本完整归档
Anwser-02-BBQ06-10/100 Bioinformatic Basic Qquetion 6,7,8,9,10-MHW.md	227	227	BBQ100-09	e446e6a124317fcf0836ef450492d18fcf1f2ae9d1a5b2b078b19983c8e096c6	appendices/a-questions-06-10.md	A.2	question-06-227	题库主稿迁移；同题其他版本完整归档
Anwser-02-BBQ06-10/100 Bioinformatic Basic Qquetion 6,7,8,9,10-MHW.md	228	239	原题描述	39cb2fbca6ad18655605da47de9aba4a904970974b721737137051c84fa739bd	appendices/a-questions-06-10.md	A.2	question-06-228	题库主稿迁移；同题其他版本完整归档
Anwser-02-BBQ06-10/100 Bioinformatic Basic Qquetion 6,7,8,9,10-MHW.md	240	279	参考答案	87e72b00fb26091a5709fa8171ac6679ec08004d02d3dee1d6b2497eb9d38d25	appendices/a-questions-06-10.md	A.2	question-06-240	题库主稿迁移；同题其他版本完整归档
Anwser-02-BBQ06-10/100 Bioinformatic Basic Qquetion 6,7,8,9,10-MHW.md	280	288	能力扩展题：	7daa33474ccd486958ad46f8358d1dc13da905f160ec8387eea7e6c7bf7c6e17	appendices/a-questions-06-10.md	A.2	question-06-280	题库主稿迁移；同题其他版本完整归档
Anwser-02-BBQ06-10/100 Bioinformatic Basic Qquetion 6,7,8,9,10-MHW.md	289	289	BBQ100-10	3404f1823f3c63dd39bdeb00f8f89da075c47f5ad2007f406be4c530281dc396	appendices/a-questions-06-10.md	A.2	question-06-289	题库主稿迁移；同题其他版本完整归档
Anwser-02-BBQ06-10/100 Bioinformatic Basic Qquetion 6,7,8,9,10-MHW.md	290	339	原题描述	6e5da791d5fa634a8f7d4d516d2f2e2dee57fe6843889f49d921b088cc483910	appendices/a-questions-06-10.md	A.2	question-06-290	题库主稿迁移；同题其他版本完整归档
Anwser-02-BBQ06-10/100 Bioinformatic Basic Qquetion 6,7,8,9,10-MHW.md	340	374	参考答案-关于adapter的问题：	f031842bb3e30d60ea5c8929143dd55688edeebb09e78465f067a464357090e5	appendices/a-questions-06-10.md	A.2	question-06-340	题库主稿迁移；同题其他版本完整归档
Anwser-02-BBQ06-10/100 Bioinformatic Basic Qquetion 6,7,8,9,10-MHW.md	375	403	参考答案-关于kmer的问题：	803f2b03566d28749dd00d9a37048f0d03116562d8c1aec4851de4988df323d9	appendices/a-questions-06-10.md	A.2	question-06-375	题库主稿迁移；同题其他版本完整归档
Anwser-03-BBQ011-15/100 Bioinformatic Basic Questions11,12,13,14,15-MHW.md	3	3	BBQ100-11	cef546be0d97223d2bcf8bf72743f88abc1f3bd55c193690a6718bb809c780b6	appendices/a-questions-11-15.md	A.3	question-11-3	题库主稿迁移；同题其他版本完整归档
Anwser-03-BBQ011-15/100 Bioinformatic Basic Questions11,12,13,14,15-MHW.md	4	85	问题描述	82d48d3ceed913a64ca9da023d55fcc67c48e802f2965e48dd7392f6a6eb63e3	appendices/a-questions-11-15.md	A.3	question-11-4	题库主稿迁移；同题其他版本完整归档
Anwser-03-BBQ011-15/100 Bioinformatic Basic Questions11,12,13,14,15-MHW.md	86	87	BBQ100-12	dbd793c7391a7dd0489af3a03bc09d677ae155955856ae12e67d80ab4cc5d5fd	appendices/a-questions-11-15.md	A.3	question-11-86	题库主稿迁移；同题其他版本完整归档
Anwser-03-BBQ011-15/100 Bioinformatic Basic Questions11,12,13,14,15-MHW.md	88	157	问题描述	28d8916baa00e216e0ae7e635a4403647108d175f418948307bdb36274b49d9c	appendices/a-questions-11-15.md	A.3	question-11-88	题库主稿迁移；同题其他版本完整归档
Anwser-03-BBQ011-15/100 Bioinformatic Basic Questions11,12,13,14,15-MHW.md	158	159	BBQ100-13	43d04b03c75e7825614a6ab53c43b6e2911824dc110019492b9b9f00108d2698	appendices/a-questions-11-15.md	A.3	question-11-158	题库主稿迁移；同题其他版本完整归档
Anwser-03-BBQ011-15/100 Bioinformatic Basic Questions11,12,13,14,15-MHW.md	160	252	问题描述	901ce98893105cb474bd03ef3a23558a7c1b63015785943c5d81fa15b3a460ec	appendices/a-questions-11-15.md	A.3	question-11-160	题库主稿迁移；同题其他版本完整归档
Anwser-03-BBQ011-15/100 Bioinformatic Basic Questions11,12,13,14,15-MHW.md	253	254	BBQ100-14	72141002370f6a6e1c7158ed5793dab40d84b01d9f0ed00c885aee2f6dfebd32	appendices/a-questions-11-15.md	A.3	question-11-253	题库主稿迁移；同题其他版本完整归档
Anwser-03-BBQ011-15/100 Bioinformatic Basic Questions11,12,13,14,15-MHW.md	255	340	问题描述	dfd288c7aad99f94d01533dbb36b85dfe4cd1e7036734e71c1b6224ed62e6342	appendices/a-questions-11-15.md	A.3	question-11-255	题库主稿迁移；同题其他版本完整归档
Anwser-03-BBQ011-15/100 Bioinformatic Basic Questions11,12,13,14,15-MHW.md	341	342	BBQ100-15	af6039c8430344b4453a8e5f72b42dc86f3077720d2f298259ff77bc7ce1a377	appendices/a-questions-11-15.md	A.3	question-11-341	题库主稿迁移；同题其他版本完整归档
Anwser-03-BBQ011-15/100 Bioinformatic Basic Questions11,12,13,14,15-MHW.md	343	438	问题描述	fa7285cca414bbf48e4f3a5672c2a849ffc62ff1c3cc89a8080f30346314c045	appendices/a-questions-11-15.md	A.3	question-11-343	题库主稿迁移；同题其他版本完整归档
100_BBQ_16-20/BBQ16-20.md	2	2	BBQ100-16	42273f52184c8403b423ef0aa053a624e316a18b61d9c196f5244b99ab218f05	appendices/a-questions-16-20.md	A.4	question-16-2	题库主稿迁移；同题其他版本完整归档
100_BBQ_16-20/BBQ16-20.md	3	65	问题描述	4903c5daefb14cf255373cff2f677bcd5c769e160da9dd08c532e955648671bb	appendices/a-questions-16-20.md	A.4	question-16-3	题库主稿迁移；同题其他版本完整归档
100_BBQ_16-20/BBQ16-20.md	66	110	参考答案	6c6aafcab0f240a3d31484077c959e002413366dbaa09c6e243477981633acba	appendices/a-questions-16-20.md	A.4	question-16-66	题库主稿迁移；同题其他版本完整归档
100_BBQ_16-20/BBQ16-20.md	111	111	BBQ100-17	ef5b6d93921ba0928e508e95e7edc0857c47cd9baf71abceba2672f8633ecb7f	appendices/a-questions-16-20.md	A.4	question-16-111	题库主稿迁移；同题其他版本完整归档
100_BBQ_16-20/BBQ16-20.md	112	187	问题描述	9f1578617873f6db1ddbf55639040574c2347150bec1012a493831d52c81b5c5	appendices/a-questions-16-20.md	A.4	question-16-112	题库主稿迁移；同题其他版本完整归档
100_BBQ_16-20/BBQ16-20.md	188	243	参考答案	5745e5fe1b8483be7e8502ef3450fbacf1d0ccb087a4ca52980739fc1e4a3751	appendices/a-questions-16-20.md	A.4	question-16-188	题库主稿迁移；同题其他版本完整归档
100_BBQ_16-20/BBQ16-20.md	244	244	BBQ100-18	fac5636b64fe9b2b3b26d4793f40730a957accc5e46b57f343f5e8c53f62f7ee	appendices/a-questions-16-20.md	A.4	question-16-244	题库主稿迁移；同题其他版本完整归档
100_BBQ_16-20/BBQ16-20.md	245	290	问题描述	6a5334ae49018bda655778f33279a947f2ae6a13bdf94e1c4be0287f04049e03	appendices/a-questions-16-20.md	A.4	question-16-245	题库主稿迁移；同题其他版本完整归档
100_BBQ_16-20/BBQ16-20.md	291	328	参考答案	2d2d7aa495dda164756349fef227d1e0520de291f26774483b5137cb86b0a0fb	appendices/a-questions-16-20.md	A.4	question-16-291	题库主稿迁移；同题其他版本完整归档
100_BBQ_16-20/BBQ16-20.md	329	329	BBQ100-19	946356d360f61a64aa5f09a3dc4dddb1eb741d6049b8b4866a52772bc9ca5cd6	appendices/a-questions-16-20.md	A.4	question-16-329	题库主稿迁移；同题其他版本完整归档
100_BBQ_16-20/BBQ16-20.md	330	380	问题描述	68f2b2b7a47eb475cb65729355fc2e4c36c6b1abf347556629cc7ce180e41bbf	appendices/a-questions-16-20.md	A.4	question-16-330	题库主稿迁移；同题其他版本完整归档
100_BBQ_16-20/BBQ16-20.md	381	425	参考答案	556d6c659cb30e3eccf7d96e35eb100fcd611946a7123b876bb31dbaf7134bdf	appendices/a-questions-16-20.md	A.4	question-16-381	题库主稿迁移；同题其他版本完整归档
100_BBQ_16-20/BBQ16-20.md	426	426	BBQ100-20	b516742967930b82baa4043f7c7e7d58cac5be93cacddd4b8d2c159fba14493b	appendices/a-questions-16-20.md	A.4	question-16-426	题库主稿迁移；同题其他版本完整归档
100_BBQ_16-20/BBQ16-20.md	427	464	问题描述	f677ad37ed604c9fb16c4db5e8e0f2e77b219f52c7e2934877e1cc16a7a098da	appendices/a-questions-16-20.md	A.4	question-16-427	题库主稿迁移；同题其他版本完整归档
100_BBQ_16-20/BBQ16-20.md	465	516	参考答案	3b9f77f92f32d4243a078c46f67b2ef2001c4a69856717997963977312745ea8	appendices/a-questions-16-20.md	A.4	question-16-465	题库主稿迁移；同题其他版本完整归档
Anwser-05-100_BBQ_21-25/BBQ21-25..md	3	4	BBQ100-21	71b634c031fa4482c5c0b5a0a5000740811a0e78ea62768929326b2d0e2aef31	appendices/a-questions-21-25.md	A.5	question-21-3	题库主稿迁移；同题其他版本完整归档
Anwser-05-100_BBQ_21-25/BBQ21-25..md	5	71	问题描述	2ece21640c1f267849b1ed7d1fef5bddc5d6b666bd4a587b7f71b053d02b64c8	appendices/a-questions-21-25.md	A.5	question-21-5	题库主稿迁移；同题其他版本完整归档
Anwser-05-100_BBQ_21-25/BBQ21-25..md	72	144	3. 提问环节	9bcd374cebf125cac62eff30aba8dc40a9ce217bd5c86eda016111c95d35700b	appendices/a-questions-21-25.md	A.5	question-21-72	题库主稿迁移；同题其他版本完整归档
Anwser-05-100_BBQ_21-25/BBQ21-25..md	145	145	BBQ100-22	b541069708d750adc1555ffe967f36e86443542c545fc659d15be9776da1f1d3	appendices/a-questions-21-25.md	A.5	question-21-145	题库主稿迁移；同题其他版本完整归档
Anwser-05-100_BBQ_21-25/BBQ21-25..md	146	151	问题描述	c719b52d35b8a57c1f27ef65f417f9bdf1c7bc5b64f07a9708bf7d8d98a8bac3	appendices/a-questions-21-25.md	A.5	question-21-146	题库主稿迁移；同题其他版本完整归档
Anwser-05-100_BBQ_21-25/BBQ21-25..md	152	160	1. 背景介绍和数据下载	39b2747d0b690811357abdd5a11b94e516284a15a08bc0cbd20dfa37b2e76fa8	appendices/a-questions-21-25.md	A.5	question-21-152	题库主稿迁移；同题其他版本完整归档
Anwser-05-100_BBQ_21-25/BBQ21-25..md	161	164	SAM测试文件的baidu盘下载地址	27cb9b59d01b7daa6cf4d6fc2260fa21d1dccf067f1858a145442c6fc65f2dc1	appendices/a-questions-21-25.md	A.5	question-21-161	题库主稿迁移；同题其他版本完整归档
Anwser-05-100_BBQ_21-25/BBQ21-25..md	165	172	2. 思路讲解	35a8e8f53ca83c9d53013fa219a20e61d4df78f234c584a5830d41d24856a411	appendices/a-questions-21-25.md	A.5	question-21-165	题库主稿迁移；同题其他版本完整归档
Anwser-05-100_BBQ_21-25/BBQ21-25..md	173	264	3. 提出问题	f3e49022d58a4be221567a3c0db181d9785d940ae2bd0c7e8fe04ddc26b3f612	appendices/a-questions-21-25.md	A.5	question-21-173	题库主稿迁移；同题其他版本完整归档
Anwser-05-100_BBQ_21-25/BBQ21-25..md	265	278	4. 参考资料	1d670a2d3710663c013a1e7cddf3790d78b3a461535b48ffad18553cdcf83e5b	appendices/a-questions-21-25.md	A.5	question-21-265	题库主稿迁移；同题其他版本完整归档
Anwser-05-100_BBQ_21-25/BBQ21-25..md	279	284	5. 多说几句话	e1facc603680964d8d6bbcea772070d0e0cca1c34921ca4962b6ba412d83aa3f	appendices/a-questions-21-25.md	A.5	question-21-279	题库主稿迁移；同题其他版本完整归档
Anwser-05-100_BBQ_21-25/BBQ21-25..md	285	285	BBQ100-23	6544e5a2d8059ae4e438e9d479b4886e9f6c8369afe8e4c35d0919b8abd06180	appendices/a-questions-21-25.md	A.5	question-21-285	题库主稿迁移；同题其他版本完整归档
Anwser-05-100_BBQ_21-25/BBQ21-25..md	286	291	问题描述	39dd50ef87cbb184a8ba748191ccb9b506f4859264d39db88e3d59dfb85578f5	appendices/a-questions-21-25.md	A.5	question-21-286	题库主稿迁移；同题其他版本完整归档
Anwser-05-100_BBQ_21-25/BBQ21-25..md	292	306	1. RNA与DNA结构的不同	4ee42168193176f5c5710ca937b7e7ffd67c93fc0465cac5960ac725c2ca6fae	appendices/a-questions-21-25.md	A.5	question-21-292	题库主稿迁移；同题其他版本完整归档
Anwser-05-100_BBQ_21-25/BBQ21-25..md	307	313	2.RNA比对的常用软件	3ded8ad7a4407c0ed2308ba059452e7f4b2edaa45fecaf1a8d27a1668551bcde	appendices/a-questions-21-25.md	A.5	question-21-307	题库主稿迁移；同题其他版本完整归档
Anwser-05-100_BBQ_21-25/BBQ21-25..md	314	350	3.提出问题	682f205f42c8be790888e75618a2158ab35f3551342eb44e7379a3b3d8111943	appendices/a-questions-21-25.md	A.5	question-21-314	题库主稿迁移；同题其他版本完整归档
Anwser-05-100_BBQ_21-25/BBQ21-25..md	351	352	BBQ100-24	ed5f26e813f62f82055b4bc0cab8c4ccf7d7b7ebdb492074c2a8c702853302c2	appendices/a-questions-21-25.md	A.5	question-21-351	题库主稿迁移；同题其他版本完整归档
Anwser-05-100_BBQ_21-25/BBQ21-25..md	353	358	问题描述	c171f33cee0f85db4c0a6de0970bf51427da82f1f7241f4a08f88579c6279b7d	appendices/a-questions-21-25.md	A.5	question-21-353	题库主稿迁移；同题其他版本完整归档
Anwser-05-100_BBQ_21-25/BBQ21-25..md	359	371	1. 我们为什么需要基因注释文件？	821b187e58e8d0daa7a1fe4325f060113c4edf2a140a03ff2efbe2edec5dd4b8	appendices/a-questions-21-25.md	A.5	question-21-359	题库主稿迁移；同题其他版本完整归档
Anwser-05-100_BBQ_21-25/BBQ21-25..md	372	420	2. GTF与GFF都是基因注释文件	21fdf0aa8869523ae59059507a80d71085dd479a9c0b4264405e24b0f9c5130e	appendices/a-questions-21-25.md	A.5	question-21-372	题库主稿迁移；同题其他版本完整归档
Anwser-05-100_BBQ_21-25/BBQ21-25..md	421	505	3.提出问题	bd481407ec836f32aa8df6c4a519251a60778cca493f590e1e90988dcf15df1a	appendices/a-questions-21-25.md	A.5	question-21-421	题库主稿迁移；同题其他版本完整归档
Anwser-05-100_BBQ_21-25/BBQ21-25..md	506	507	BBQ100-25	5f914ff96da6f358af0dd46a900fb8ae22943a74354f008039531902f6e93462	appendices/a-questions-21-25.md	A.5	question-21-506	题库主稿迁移；同题其他版本完整归档
Anwser-05-100_BBQ_21-25/BBQ21-25..md	508	529	问题描述	c7847746b5510c02257ac2a33ca1bdf222f2446d9badfd7c323f3738865f52fc	appendices/a-questions-21-25.md	A.5	question-21-508	题库主稿迁移；同题其他版本完整归档
Anwser-05-100_BBQ_21-25/BBQ21-25..md	530	539	2.什么是拼装转录本	2941fdd3aa8c7414bd9f89aa500e78ca8c67456b4149f397b04b565556fccadc	appendices/a-questions-21-25.md	A.5	question-21-530	题库主稿迁移；同题其他版本完整归档
Anwser-05-100_BBQ_21-25/BBQ21-25..md	540	654	3. 从哪里下载参考转录组GTF/GFF文件呢？	8a08fc3f06c29a77b012898244329fc82242187306196fdb0a3d82078a382367	appendices/a-questions-21-25.md	A.5	question-21-540	题库主稿迁移；同题其他版本完整归档
Anwser-05-100_BBQ_21-25/BBQ21-25..md	655	699	4. 提问环节	2456c774c886e0f488bee01ecd54d52c1eb9e5bc26320634e74dc7a152846e03	appendices/a-questions-21-25.md	A.5	question-21-655	题库主稿迁移；同题其他版本完整归档
